Date,Max Temperature,Min Temperature,Precipitation,Relative Humidity,StationId
2000-01-01,27.331,14.094,0.0,0.458047084879865,183759
2000-01-02,27.581,14.852,0.0,0.402921788690614,183759
2000-01-03,27.827,13.539,0.0,0.208517355261401,183759
2000-01-04,28.079,12.812,0.0,0.226995370689622,183759
2000-01-05,27.937,13.104,0.0,0.236225348363548,183759
2000-01-06,27.373,13.261,0.0,0.241477704910622,183759
2000-01-07,27.189,12.667,0.0,0.206676298263587,183759
2000-01-08,27.784,12.219,0.0,0.218361800217342,183759
2000-01-09,29.328,13.188,0.0,0.261361241335709,183759
2000-01-10,30.323,14.092,0.0,0.339611117323375,183759
2000-01-11,31.456,14.798,0.0,0.294046760028412,183759
2000-01-12,30.848,16.659,0.29869092,0.451124880924901,183759
2000-01-13,28.874,19.467,0.25405866,0.459365189286387,183759
2000-01-14,30.778,15.957,0.0,0.458225826700835,183759
2000-01-15,30.19,18.128,0.0,0.343274036111113,183759
2000-01-16,31.167,17.488,0.0,0.408768172821463,183759
2000-01-17,32.043,20.312,0.0,0.351030481253741,183759
2000-01-18,32.079,17.803,0.0,0.386298924019,183759
2000-01-19,31.932,17.94,0.0,0.369635624140676,183759
2000-01-20,31.428,15.21,0.0,0.345786128900728,183759
2000-01-21,32.009,14.318,0.0,0.281692746848648,183759
2000-01-22,31.663,16.724,0.0,0.190593437082488,183759
2000-01-23,30.161,15.99,0.0,0.26176089232135,183759
2000-01-24,29.873,15.032,0.0,0.281289416236998,183759
2000-01-25,30.16,15.86,0.0,0.261566748994997,183759
2000-01-26,29.599,15.409,0.0,0.307978792674415,183759
2000-01-27,29.703,17.641,0.0,0.369096639813042,183759
2000-01-28,30.109,16.365,0.0,0.376927598676004,183759
2000-01-29,30.332,17.369,0.0,0.324355378393735,183759
2000-01-30,31.375,15.076,0.0,0.151283925048552,183759
2000-01-31,31.834,14.312,0.0,0.117524117289029,183759
2000-02-01,31.644,11.781,0.0,0.170970238508001,183759
2000-02-02,31.119,13.81,0.0,0.243626231708323,183759
2000-02-03,31.898,15.028,0.0,0.3023465776761,183759
2000-02-04,32.046,15.725,0.0,0.33355097902639,183759
2000-02-05,32.069,16.502,0.0,0.318998595806021,183759
2000-02-06,29.205,14.188,0.0,0.419500311711832,183759
2000-02-07,30.329,14.3,0.0,0.297729979546037,183759
2000-02-08,30.381,14.682,0.0,0.281058623251152,183759
2000-02-09,30.535,16.761,0.0,0.276947254508443,183759
2000-02-10,31.861,14.875,0.0,0.280238820773628,183759
2000-02-11,30.874,16.467,0.0,0.31733527786117,183759
2000-02-12,28.312,15.716,0.0,0.352218675335221,183759
2000-02-13,30.44,16.003,0.0,0.337285843261267,183759
2000-02-14,25.499,19.274,0.3227236056,0.501372850972046,183759
2000-02-15,28.507,17.915,0.0,0.521019536730182,183759
2000-02-16,32.289,16.48,0.0,0.444838691793069,183759
2000-02-17,32.812,18.865,0.0,0.247149811960045,183759
2000-02-18,31.768,15.612,0.0,0.11778639246891,183759
2000-02-19,32.232,14.406,0.0,0.148525805526754,183759
2000-02-20,30.017,14.596,0.0,0.225834067962892,183759
2000-02-21,29.872,14.458,0.0,0.306006161922937,183759
2000-02-22,31.711,11.702,0.0,0.258199655559687,183759
2000-02-23,31.473,18.566,2.85644592,0.626118781795608,183759
2000-02-24,31.409,20.494,3.0487063464,0.638405951071629,183759
2000-02-25,31.466,19.298,0.3879547704,0.59135122251857,183759
2000-02-26,30.864,19.752,0.0,0.474095962012534,183759
2000-02-27,30.317,18.267,0.0,0.527534033310984,183759
2000-02-28,31.535,18.195,0.0,0.372691557280839,183759
2000-02-29,32.87,17.796,0.0,0.196436773330234,183759
2000-03-01,34.913,18.111,0.0,0.169291360127269,183759
2000-03-02,33.942,16.664,0.0,0.196752864258785,183759
2000-03-03,34.66,17.711,0.0,0.151996692154138,183759
2000-03-04,34.664,19.004,0.0,0.148729193839512,183759
2000-03-05,33.646,18.16,0.0,0.143852859284104,183759
2000-03-06,34.704,17.358,0.0,0.153735048858369,183759
2000-03-07,32.684,16.764,0.0,0.251537973146985,183759
2000-03-08,33.273,18.231,0.0,0.251394763760818,183759
2000-03-09,33.962,16.99,0.0,0.155233853770026,183759
2000-03-10,35.845,16.128,0.0,0.151546199871108,183759
2000-03-11,36.324,18.359,0.0,0.153611637396906,183759
2000-03-12,36.28,16.944,0.0,0.137699809612729,183759
2000-03-13,35.182,18.141,0.0,0.22368915005439,183759
2000-03-14,33.887,17.427,0.0,0.250510556528458,183759
2000-03-15,33.991,17.51,0.0,0.207086102882326,183759
2000-03-16,35.868,18.26,0.0,0.174967660797016,183759
2000-03-17,36.697,18.571,0.0,0.151646870419369,183759
2000-03-18,36.267,19.894,0.0,0.20184742314205,183759
2000-03-19,38.188,19.223,0.0,0.133400887478743,183759
2000-03-20,36.243,20.544,0.0,0.0988900918557185,183759
2000-03-21,37.309,17.477,0.0,0.121326661013612,183759
2000-03-22,36.664,19.62,0.0,0.178171791819176,183759
2000-03-23,36.239,20.473,0.0,0.110586347560651,183759
2000-03-24,36.535,20.644,0.0,0.117165621601872,183759
2000-03-25,37.218,21.303,0.0,0.108230295869756,183759
2000-03-26,36.336,21.814,0.0,0.163744707637108,183759
2000-03-27,37.623,24.047,0.0,0.146485634717505,183759
2000-03-28,37.061,24.864,0.0,0.21002260438871,183759
2000-03-29,37.695,20.991,0.0,0.148958489077708,183759
2000-03-30,38.341,18.83,0.0,0.072578965819448,183759
2000-03-31,39.579,19.462,0.0,0.0676981022874623,183759
2000-04-01,39.294,21.41,0.0,0.10648658489666,183759
2000-04-02,41.014,21.935,0.0,0.198383218276235,183759
2000-04-03,39.043,25.273,0.0,0.248755028844331,183759
2000-04-04,38.917,26.528,0.0,0.246368815466565,183759
2000-04-05,41.747,26.518,0.0,0.228945757335516,183759
2000-04-06,40.876,26.455,0.0,0.171813324476489,183759
2000-04-07,41.074,25.754,0.0137329128,0.210159364809937,183759
2000-04-08,42.691,29.23,0.0,0.190457894035517,183759
2000-04-09,40.466,25.409,0.0,0.145575080558453,183759
2000-04-10,40.286,25.808,0.0,0.119479532493173,183759
2000-04-11,41.619,23.805,0.0,0.105681755882124,183759
2000-04-12,41.662,23.578,0.0,0.102039137829898,183759
2000-04-13,43.865,24.032,0.0,0.177800722380591,183759
2000-04-14,40.333,24.581,0.0,0.233420123054459,183759
2000-04-15,41.298,24.319,0.0,0.21843601779428,183759
2000-04-16,40.117,24.899,0.0,0.207652420560649,183759
2000-04-17,41.264,25.221,0.0,0.134257709692287,183759
2000-04-18,39.767,26.263,0.0,0.146763189390677,183759
2000-04-19,42.686,25.076,0.0,0.258007048298101,183759
2000-04-20,41.097,24.954,0.0,0.194419660487474,183759
2000-04-21,43.956,27.513,0.0,0.170683036408408,183759
2000-04-22,43.219,28.656,0.0,0.157594462388226,183759
2000-04-23,38.199,27.369,0.0,0.203304303092081,183759
2000-04-24,40.131,24.361,0.0,0.17884487956526,183759
2000-04-25,40.284,24.777,0.0,0.175590174871246,183759
2000-04-26,41.111,24.778,0.0,0.213409087775417,183759
2000-04-27,42.126,25.765,0.0,0.200232399149069,183759
2000-04-28,42.468,25.589,0.0,0.168085265246717,183759
2000-04-29,41.835,26.366,0.0,0.12734125449616,183759
2000-04-30,41.507,24.831,0.0,0.151869144664541,183759
2000-05-01,41.526,26.714,0.0,0.113788071870526,183759
2000-05-02,45.448,25.628,0.0,0.0838463096747544,183759
2000-05-03,40.254,26.405,0.0,0.131912731840894,183759
2000-05-04,41.934,25.182,0.0,0.211591808335186,183759
2000-05-05,42.015,25.931,0.0,0.181117139136118,183759
2000-05-06,43.855,26.368,0.0,0.186558479035349,183759
2000-05-07,41.607,27.056,0.010299672,0.218162344278022,183759
2000-05-08,39.706,26.26,0.010299672,0.237609728428991,183759
2000-05-09,42.376,25.957,0.0,0.237954509316459,183759
2000-05-10,38.619,26.747,0.0,0.278871883597997,183759
2000-05-11,39.873,27.006,0.0,0.274883765313195,183759
2000-05-12,38.34,24.603,0.0,0.256944382582417,183759
2000-05-13,38.023,24.214,0.0,0.286046964377865,183759
2000-05-14,37.797,23.624,0.0,0.342540183028683,183759
2000-05-15,38.139,23.443,0.092697192,0.339408185045261,183759
2000-05-16,35.039,24.393,1.9569379968,0.450702095071074,183759
2000-05-17,36.729,24.216,0.3776550912,0.424467253619862,183759
2000-05-18,32.353,23.773,0.343322856,0.551920729353848,183759
2000-05-19,28.746,24.682,3.268431036,0.648922578225016,183759
2000-05-20,32.456,23.982,0.607681116,0.552356782331663,183759
2000-05-21,36.743,22.81,0.02746584,0.474560883275264,183759
2000-05-22,36.989,24.746,1.3389591456,0.463928326053639,183759
2000-05-23,37.542,24.429,4.3189955064,0.472433553247716,183759
2000-05-24,35.995,25.156,5.496592176,0.529602638284621,183759
2000-05-25,34.913,25.163,1.833344892,0.524371422276383,183759
2000-05-26,37.621,24.467,4.55932728,0.552373844011424,183759
2000-05-27,35.247,25.791,3.560259204,0.569404659831157,183759
2000-05-28,35.749,23.873,0.02746584,0.555027527644316,183759
2000-05-29,36.496,24.212,1.78184664,0.527351645244233,183759
2000-05-30,36.787,24.143,7.22007576,0.51792333095771,183759
2000-05-31,33.673,24.64,5.7231883584,0.558370429210655,183759
2000-06-01,32.423,23.02,9.2937504024,0.642981936700322,183759
2000-06-02,36.835,23.937,4.435729272,0.592933891992704,183759
2000-06-03,36.298,24.153,16.670038464,0.675774189158639,183759
2000-06-04,36.144,23.521,19.2672808632,0.704774199903395,183759
2000-06-05,33.726,23.672,31.38828336,0.745466206657062,183759
2000-06-06,32.439,23.907,3.501890424,0.725670301383092,183759
2000-06-07,29.456,23.498,6.269070384,0.780496653601075,183759
2000-06-08,29.732,23.301,3.467561904,0.782661173877033,183759
2000-06-09,25.93,22.704,3.237534612,0.84802980646251,183759
2000-06-10,30.853,22.994,6.8733229104,0.777386459377577,183759
2000-06-11,31.596,22.851,6.887058984,0.742892560917523,183759
2000-06-12,31.149,21.957,5.88111732,0.706357381088268,183759
2000-06-13,30.197,22.051,5.1601428,0.696541989145343,183759
2000-06-14,32.711,22.958,0.9475706304,0.641168325173637,183759
2000-06-15,31.938,22.265,0.3261567384,0.61431614529219,183759
2000-06-16,28.484,22.855,0.291824496,0.673937032522148,183759
2000-06-17,31.627,22.252,2.719119528,0.623162408414474,183759
2000-06-18,35.533,22.091,2.99034234,0.566529504713334,183759
2000-06-19,34.517,23.717,4.404829968,0.613675077663246,183759
2000-06-20,33.415,24.383,0.2952575712,0.574326840404179,183759
2000-06-21,33.931,24.718,3.15856764,0.509828016128676,183759
2000-06-22,35.106,23.89,3.11908464,0.521013684165728,183759
2000-06-23,34.604,23.425,0.3055572,0.507629742859112,183759
2000-06-24,34.643,22.923,0.322723548,0.5032345926344,183759
2000-06-25,32.749,22.639,1.251412452,0.572301807003199,183759
2000-06-26,34.218,23.957,9.0877563288,0.569179470649167,183759
2000-06-27,33.508,23.148,3.6443682,0.57582674901941,183759
2000-06-28,35.982,22.408,9.602737632,0.548079738008601,183759
2000-06-29,24.558,21.457,150.6569328,0.893144887460092,183759
2000-06-30,24.774,21.595,108.66853512,0.867996351723129,183759
2000-07-01,27.582,21.306,17.8467725448,0.809906589444571,183759
2000-07-02,26.957,21.646,5.3094856104,0.771721872823902,183759
2000-07-03,26.456,21.246,4.7464339464,0.780643705699383,183759
2000-07-04,30.424,21.17,8.9015004,0.783604972269278,183759
2000-07-05,30.333,22.094,5.0837502312,0.739564119030922,183759
2000-07-06,29.406,22.309,8.257772484,0.797672725238402,183759
2000-07-07,30.028,23.24,9.72891396,0.765043350499496,183759
2000-07-08,27.242,21.949,8.32901364,0.82803168271307,183759
2000-07-09,25.834,21.984,2.1191597136,0.820523345808665,183759
2000-07-10,28.516,21.38,4.6511659008,0.759028028311056,183759
2000-07-11,26.692,22.328,3.3508305648,0.799412253366636,183759
2000-07-12,23.841,21.487,6.0287472,0.881361393967267,183759
2000-07-13,24.954,21.69,5.264853552,0.884368536803715,183759
2000-07-14,25.428,21.28,2.5405877304,0.849921885011507,183759
2000-07-15,24.152,21.716,1.2256633728,0.845161464459213,183759
2000-07-16,24.255,21.329,1.71747198,0.833991443060391,183759
2000-07-17,25.151,21.457,2.102852664,0.812782609150123,183759
2000-07-18,25.094,21.666,1.991271492,0.808311368356849,183759
2000-07-19,24.336,21.847,2.653885332,0.839674727185385,183759
2000-07-20,25.248,21.745,1.280594988,0.805407444255439,183759
2000-07-21,30.182,20.417,3.02295456,0.712916669862283,183759
2000-07-22,29.916,21.462,0.27809154,0.683168654218219,183759
2000-07-23,31.641,21.491,2.2968314208,0.653564954595078,183759
2000-07-24,32.319,20.584,0.3089905992,0.617358215834161,183759
2000-07-25,32.88,20.875,0.26607492,0.571448713338163,183759
2000-07-26,33.278,21.59,1.931192352,0.562872418644929,183759
2000-07-27,33.753,21.696,6.0497757864,0.580753938802179,183759
2000-07-28,35.259,21.42,3.07445544,0.527981957691593,183759
2000-07-29,34.189,22.718,1.26342792,0.521299934853211,183759
2000-07-30,34.689,21.758,0.0,0.505341683603699,183759
2000-07-31,33.292,21.192,0.1476288072,0.568575333976375,183759
2000-08-01,34.229,22.556,0.748443852,0.537196540169041,183759
2000-08-02,33.8,21.567,0.058365,0.550354380678075,183759
2000-08-03,35.161,21.018,0.0,0.524374890398799,183759
2000-08-04,35.589,22.37,1.1226672,0.496115561347217,183759
2000-08-05,29.659,23.089,1.713181212,0.592071325205378,183759
2000-08-06,33.582,22.854,0.383662872,0.511320622646169,183759
2000-08-07,33.075,22.911,11.0343907584,0.645637736546389,183759
2000-08-08,29.645,21.912,15.65635572,0.776589704249008,183759
2000-08-09,26.188,21.492,9.31949136,0.843161333352245,183759
2000-08-10,24.563,20.863,8.4431608992,0.870312305676645,183759
2000-08-11,24.575,20.55,4.180815396,0.872770480397289,183759
2000-08-12,26.632,20.98,4.1490540648,0.86896743870772,183759
2000-08-13,27.922,21.318,4.5146947104,0.841664279934261,183759
2000-08-14,29.513,21.268,4.04948898,0.777639893234803,183759
2000-08-15,27.808,21.694,3.6649723248,0.788770445962533,183759
2000-08-16,29.468,20.426,5.719754592,0.753450394499385,183759
2000-08-17,28.226,20.868,5.7858497424,0.786867332953554,183759
2000-08-18,27.25,21.716,9.1744448256,0.817346783939995,183759
2000-08-19,25.205,21.478,4.65288192,0.831769077041436,183759
2000-08-20,27.049,21.913,3.5662634064,0.796139164325837,183759
2000-08-21,26.477,21.492,0.3411769968,0.776620753153995,183759
2000-08-22,26.27,20.996,7.6629702384,0.860573330416305,183759
2000-08-23,28.697,22.025,24.4677492,0.877450046508291,183759
2000-08-24,27.373,22.979,28.51123752,0.913793415113439,183759
2000-08-25,25.101,22.714,4.09412448,0.915379596536319,183759
2000-08-26,27.253,21.308,6.073376544,0.869975974383305,183759
2000-08-27,26.562,21.209,10.210417848,0.891510812779761,183759
2000-08-28,24.361,22.04,16.27950924,0.935720802553102,183759
2000-08-29,24.535,20.985,10.57090284,0.912003071297135,183759
2000-08-30,25.242,20.892,1.4677051968,0.889161612033762,183759
2000-08-31,24.599,20.548,6.839844192,0.898490349147997,183759
2000-09-01,23.949,21.003,9.99412434,0.913309580031921,183759
2000-09-02,26.51,21.188,1.166439816,0.858192069612134,183759
2000-09-03,25.503,21.728,3.809164968,0.872947833186014,183759
2000-09-04,26.342,20.752,1.3252258656,0.856965977886406,183759
2000-09-05,25.825,20.951,3.096770904,0.848124952699147,183759
2000-09-06,27.818,20.949,4.2125706288,0.816703505100698,183759
2000-09-07,28.2,19.376,4.0005677304,0.816755544153507,183759
2000-09-08,29.47,19.509,0.6806390688,0.748434390329263,183759
2000-09-09,30.164,19.983,0.04291524,0.677994930826292,183759
2000-09-10,30.669,19.266,0.1476288144,0.696523600749376,183759
2000-09-11,31.44,19.137,0.00686646,0.649394907338826,183759
2000-09-12,32.636,18.723,0.1270294344,0.593925746482837,183759
2000-09-13,32.079,22.047,0.1338957,0.620978321949266,183759
2000-09-14,33.569,20.945,0.024032592,0.572219748531578,183759
2000-09-15,32.091,22.099,0.287532792,0.614559430625656,183759
2000-09-16,31.851,23.249,5.420212956,0.601521429190838,183759
2000-09-17,35.401,22.728,0.8068084704,0.58724898354157,183759
2000-09-18,34.525,23.597,7.2664282728,0.627940089525019,183759
2000-09-19,34.159,22.037,0.0343322784,0.515706958051301,183759
2000-09-20,34.221,22.363,0.547600428,0.507945775011818,183759
2000-09-21,34.278,22.251,0.0,0.508941895374293,183759
2000-09-22,32.776,21.41,2.8856295864,0.622563554445071,183759
2000-09-23,33.481,20.991,0.690077412,0.647133979767284,183759
2000-09-24,35.432,20.983,1.91745972,0.582875290909554,183759
2000-09-25,27.307,22.125,85.411874844,0.851726632952643,183759
2000-09-26,30.59,20.463,2.789495892,0.763934662862067,183759
2000-09-27,30.177,20.707,16.9240924944,0.799398744406232,183759
2000-09-28,23.285,21.843,79.01053416,0.952520122067408,183759
2000-09-29,28.97,20.767,6.9385583088,0.787956666347824,183759
2000-09-30,32.205,19.033,0.0,0.659798005161936,183759
2000-10-01,33.632,18.207,0.0,0.562707497952871,183759
2000-10-02,32.785,19.922,0.0,0.496518807568351,183759
2000-10-03,32.878,18.298,0.0,0.522663226131843,183759
2000-10-04,32.352,19.177,0.0,0.537483370422749,183759
2000-10-05,33.008,20.672,0.0,0.540554675667305,183759
2000-10-06,33.003,21.347,0.078105852,0.544724316524432,183759
2000-10-07,32.776,20.724,2.971459548,0.652766831922021,183759
2000-10-08,32.982,20.701,4.593657528,0.698008772619153,183759
2000-10-09,32.988,21.634,17.34638148,0.696347799849024,183759
2000-10-10,31.125,21.12,4.71296574,0.710497949346234,183759
2000-10-11,34.013,20.942,4.54988628,0.626109295332846,183759
2000-10-12,35.119,22.017,0.19741068,0.626133772117956,183759
2000-10-13,31.426,22.62,4.58850672,0.621876476719798,183759
2000-10-14,32.332,21.088,0.5870808,0.634357741465229,183759
2000-10-15,33.773,20.113,0.0,0.519095124061749,183759
2000-10-16,32.869,19.502,0.0,0.354393684521788,183759
2000-10-17,32.301,19.317,0.0,0.263089188383292,183759
2000-10-18,31.878,19.251,0.0034332264,0.393827837192217,183759
2000-10-19,31.365,21.04,0.0,0.56066512759415,183759
2000-10-20,32.922,21.833,0.0,0.542967356992039,183759
2000-10-21,33.284,22.595,0.0411986952,0.473578448269407,183759
2000-10-22,33.398,16.26,0.0,0.408719218305478,183759
2000-10-23,33.847,17.348,0.0,0.402053840773008,183759
2000-10-24,32.931,18.727,0.0,0.409208297629407,183759
2000-10-25,32.725,22.015,0.0,0.402471555412577,183759
2000-10-26,32.571,21.14,0.0,0.342660249857836,183759
2000-10-27,33.673,15.864,0.0,0.307415703302047,183759
2000-10-28,33.161,16.114,0.0,0.297614786730267,183759
2000-10-29,31.474,15.681,0.0,0.277665227545362,183759
2000-10-30,31.349,14.737,0.0,0.306607628787057,183759
2000-10-31,31.441,17.465,0.0,0.420837712083482,183759
2000-11-01,30.701,18.406,0.0,0.411222098877863,183759
2000-11-02,30.406,17.484,0.0,0.383975215518663,183759
2000-11-03,30.283,18.063,0.0171661464,0.445580755771861,183759
2000-11-04,31.017,20.598,1.991271708,0.593150372305914,183759
2000-11-05,32.595,18.29,0.03604896,0.562296392256221,183759
2000-11-06,32.892,18.145,0.0,0.431357513753005,183759
2000-11-07,31.418,18.642,0.0,0.271934171059164,183759
2000-11-08,31.199,17.135,0.0,0.266887888177601,183759
2000-11-09,30.614,15.454,0.0,0.366500277313999,183759
2000-11-10,31.209,16.579,0.0,0.333108336969778,183759
2000-11-11,31.106,15.807,0.0,0.376003008959792,183759
2000-11-12,30.81,15.267,0.0,0.402541976264701,183759
2000-11-13,30.995,15.821,0.0,0.384787191955266,183759
2000-11-14,30.562,16.427,0.0,0.394788835921195,183759
2000-11-15,30.577,15.347,0.0,0.368637089012321,183759
2000-11-16,29.919,16.324,0.0,0.407109194068125,183759
2000-11-17,29.486,16.722,0.0,0.377130698598182,183759
2000-11-18,29.609,15.549,0.0,0.37621711659274,183759
2000-11-19,30.823,11.961,0.0,0.401122878829942,183759
2000-11-20,32.151,13.845,0.0,0.358958867683432,183759
2000-11-21,31.592,13.921,0.0,0.291816134792279,183759
2000-11-22,30.379,16.329,0.0,0.400091202817801,183759
2000-11-23,30.45,16.292,0.0,0.502030687214366,183759
2000-11-24,31.071,17.207,0.0,0.335372350474453,183759
2000-11-25,32.35,14.914,0.0,0.2783654444598,183759
2000-11-26,31.671,14.23,0.0,0.324192567143121,183759
2000-11-27,31.77,16.116,0.0,0.344155461039159,183759
2000-11-28,31.002,13.295,0.0,0.345014635971027,183759
2000-11-29,30.0,16.418,0.0,0.312615925192996,183759
2000-11-30,30.65,16.558,0.0,0.334065685737766,183759
2000-12-01,28.934,17.518,0.0,0.322977072872166,183759
2000-12-02,28.773,15.581,0.0,0.321143647025488,183759
2000-12-03,29.792,16.185,0.0,0.271609725294874,183759
2000-12-04,30.288,15.477,0.0,0.20276524183482,183759
2000-12-05,30.293,13.614,0.0,0.157158535018268,183759
2000-12-06,30.152,12.847,0.0,0.167479260034529,183759
2000-12-07,29.865,13.844,0.0,0.169922202448406,183759
2000-12-08,29.86,13.672,0.0,0.19197849180517,183759
2000-12-09,29.616,12.466,0.0,0.201274998695155,183759
2000-12-10,28.492,12.673,0.0,0.239718125522248,183759
2000-12-11,28.621,12.687,0.0,0.305050251072353,183759
2000-12-12,29.376,11.249,0.0,0.310957341749379,183759
2000-12-13,29.347,13.065,0.0,0.222518007855303,183759
2000-12-14,29.466,12.143,0.0,0.221032998930623,183759
2000-12-15,29.798,12.473,0.0,0.206423503096396,183759
2000-12-16,29.644,12.164,0.0,0.218291055745516,183759
2000-12-17,29.644,13.596,0.0,0.198133967779801,183759
2000-12-18,28.945,11.802,0.0,0.198088210278562,183759
2000-12-19,29.844,12.298,0.0,0.210343665164205,183759
2000-12-20,30.03,13.775,0.0,0.218473195885236,183759
2000-12-21,29.756,14.232,0.0,0.243631708217009,183759
2000-12-22,30.118,14.207,0.0,0.233752910393663,183759
2000-12-23,30.527,12.824,0.0,0.166405558077055,183759
2000-12-24,31.042,13.479,0.0,0.139881724131771,183759
2000-12-25,30.667,13.617,0.0,0.135863894744837,183759
2000-12-26,30.216,12.934,0.0,0.165663463454649,183759
2000-12-27,29.678,12.765,0.0,0.179054366601922,183759
2000-12-28,29.48,14.47,0.0,0.207253725055637,183759
2000-12-29,29.223,14.808,0.0,0.200329852540425,183759
2000-12-30,27.732,16.113,0.0,0.374211153286148,183759
2000-12-31,23.482,19.397,12.34245618,0.785010729299309,183759
2001-01-01,26.511,16.138,0.1167296904,0.651779725984759,183759
2001-01-02,26.933,14.622,0.0,0.64619242137574,183759
2001-01-03,25.221,16.932,0.4222873512,0.615351320349842,183759
2001-01-04,28.499,15.208,0.0,0.479107890829279,183759
2001-01-05,29.009,16.828,0.0,0.348425904803121,183759
2001-01-06,29.314,14.771,0.0,0.302909001711352,183759
2001-01-07,27.701,14.367,0.0,0.293285797631595,183759
2001-01-08,28.232,14.84,0.0,0.417005069630244,183759
2001-01-09,28.396,14.658,0.0,0.313791529510831,183759
2001-01-10,29.13,16.398,0.0,0.355728996209303,183759
2001-01-11,30.032,17.249,0.0,0.434155567449814,183759
2001-01-12,28.905,18.846,0.0,0.481105058642833,183759
2001-01-13,28.991,19.252,0.024032592,0.516560325845496,183759
2001-01-14,27.498,19.086,0.0,0.498224436389826,183759
2001-01-15,28.054,15.468,0.0,0.560914866532492,183759
2001-01-16,31.356,20.774,0.0,0.373441108944647,183759
2001-01-17,27.78,21.744,0.0,0.437098314718311,183759
2001-01-18,30.182,21.008,0.0,0.372054925891367,183759
2001-01-19,30.287,16.682,0.0,0.337759029533559,183759
2001-01-20,30.557,17.454,0.0,0.371943862032242,183759
2001-01-21,30.693,14.932,0.0,0.319554334733739,183759
2001-01-22,29.965,14.803,0.0,0.286210719651453,183759
2001-01-23,29.997,16.592,0.0,0.341275603340566,183759
2001-01-24,29.725,16.277,0.0,0.27118749473701,183759
2001-01-25,30.176,15.163,0.0,0.193744909910769,183759
2001-01-26,30.768,14.76,0.0,0.148420200936168,183759
2001-01-27,30.452,14.449,0.0,0.135102316686392,183759
2001-01-28,31.502,15.564,0.0,0.128490871119846,183759
2001-01-29,30.444,16.528,0.0,0.151736268000046,183759
2001-01-30,31.201,15.59,0.0,0.199756205505852,183759
2001-01-31,31.73,16.294,0.0,0.192122532891193,183759
2001-02-01,32.026,16.423,0.0,0.190199283974513,183759
2001-02-02,33.526,17.541,0.0,0.193030405846674,183759
2001-02-03,33.724,18.217,0.0,0.217046704498051,183759
2001-02-04,33.688,19.142,0.0,0.235380320245062,183759
2001-02-05,33.007,17.855,0.0,0.267956511555923,183759
2001-02-06,32.979,17.431,0.0,0.152719873572164,183759
2001-02-07,33.126,16.91,0.0,0.120671327362951,183759
2001-02-08,33.081,16.401,0.0,0.100203131459058,183759
2001-02-09,33.086,15.462,0.0,0.0925571777872946,183759
2001-02-10,33.364,15.018,0.0,0.0987617301780795,183759
2001-02-11,32.423,14.404,0.0,0.114839553904537,183759
2001-02-12,34.269,16.094,0.0,0.131296601427801,183759
2001-02-13,34.1,17.873,0.0,0.156466465014477,183759
2001-02-14,33.79,15.713,0.0,0.213310513138365,183759
2001-02-15,31.985,17.371,0.0,0.218099267499573,183759
2001-02-16,33.064,17.19,0.0,0.18233699148236,183759
2001-02-17,32.917,15.399,0.0,0.210617677171856,183759
2001-02-18,33.18,15.591,0.0,0.246297233951378,183759
2001-02-19,34.822,17.648,0.0,0.199515134404983,183759
2001-02-20,35.557,18.993,0.0,0.173374909593954,183759
2001-02-21,34.86,19.475,0.0,0.198383694215424,183759
2001-02-22,34.837,18.317,0.0,0.160320902438782,183759
2001-02-23,35.247,17.73,0.0,0.104540629431665,183759
2001-02-24,36.098,17.046,0.0,0.0896688471392448,183759
2001-02-25,36.299,19.087,0.0,0.144394452489381,183759
2001-02-26,34.75,18.122,0.0,0.184414300879248,183759
2001-02-27,36.062,18.793,0.0,0.2405268824384,183759
2001-02-28,34.549,18.72,0.0,0.231735490830821,183759
2001-03-01,35.322,18.939,0.0,0.169880648718037,183759
2001-03-02,35.995,21.02,0.0,0.199056641802363,183759
2001-03-03,35.169,21.782,0.0,0.185160881079319,183759
2001-03-04,34.663,18.976,0.0,0.246707997102776,183759
2001-03-05,33.774,22.093,0.0,0.222265562783402,183759
2001-03-06,34.296,21.229,0.0,0.184369058609018,183759
2001-03-07,31.68,18.529,0.0,0.206236192317403,183759
2001-03-08,34.659,17.51,0.0,0.210159347014006,183759
2001-03-09,34.438,17.946,0.0,0.185604960841123,183759
2001-03-10,33.121,17.864,0.0,0.265516503685905,183759
2001-03-11,30.476,17.394,0.0,0.284855547008002,183759
2001-03-12,33.136,17.299,0.0,0.264423068803631,183759
2001-03-13,33.913,19.096,0.0,0.196088784165766,183759
2001-03-14,34.414,17.816,0.0,0.256836251249338,183759
2001-03-15,35.598,18.052,0.0,0.277753727931328,183759
2001-03-16,36.179,21.321,0.0,0.229675463052663,183759
2001-03-17,38.11,23.125,0.0,0.191054615342397,183759
2001-03-18,39.457,22.898,0.0,0.172565106807485,183759
2001-03-19,37.477,22.243,0.0,0.204010111521328,183759
2001-03-20,39.548,25.51,0.0,0.200434736817682,183759
2001-03-21,36.945,26.101,0.0,0.221187507488257,183759
2001-03-22,36.633,23.8,0.0,0.212840963326848,183759
2001-03-23,36.757,22.659,0.0,0.220919013261483,183759
2001-03-24,37.021,21.851,0.0,0.198188157565535,183759
2001-03-25,37.456,20.969,0.0,0.204599409575363,183759
2001-03-26,36.928,21.333,0.0,0.212556694452896,183759
2001-03-27,37.086,21.648,0.0,0.185780131317368,183759
2001-03-28,37.43,21.444,0.0,0.210916648623111,183759
2001-03-29,37.916,21.195,0.0,0.202834577669168,183759
2001-03-30,36.301,20.266,0.0,0.154057000492716,183759
2001-03-31,36.52,19.779,0.0,0.132119481293298,183759
2001-04-01,39.682,19.47,0.0,0.0927744419854672,183759
2001-04-02,37.877,21.966,0.0,0.239112853650711,183759
2001-04-03,36.396,25.093,0.710678088,0.325304978089733,183759
2001-04-04,36.403,24.441,0.0240325776,0.296897744492803,183759
2001-04-05,35.668,24.338,0.2609252064,0.293482768091783,183759
2001-04-06,38.6,24.479,1.33552512,0.263630055872318,183759
2001-04-07,39.35,26.915,0.0,0.160172227625426,183759
2001-04-08,41.544,23.994,0.0,0.149686736244368,183759
2001-04-09,38.721,24.626,0.0,0.117271284851141,183759
2001-04-10,41.316,23.678,0.0,0.157167776951947,183759
2001-04-11,38.651,25.687,0.0034332264,0.201204663069521,183759
2001-04-12,36.438,26.948,0.3467559528,0.231981561575253,183759
2001-04-13,35.476,23.095,0.279808416,0.409520988185693,183759
2001-04-14,34.193,23.651,5.290602516,0.467121069576723,183759
2001-04-15,31.559,24.341,0.24375906,0.381556929844316,183759
2001-04-16,34.844,23.504,0.1115799624,0.373500796029072,183759
2001-04-17,35.502,24.19,0.017166132,0.239758356716085,183759
2001-04-18,37.054,22.635,0.0,0.275503728636877,183759
2001-04-19,39.781,24.65,0.0,0.251739192282591,183759
2001-04-20,39.028,26.508,0.0,0.24481105317274,183759
2001-04-21,39.095,27.28,0.401687388,0.229742200226903,183759
2001-04-22,38.837,23.84,0.0,0.21310137888051,183759
2001-04-23,41.343,24.556,0.0,0.170853903056209,183759
2001-04-24,41.042,24.801,0.0,0.210577305099208,183759
2001-04-25,42.221,27.801,0.0,0.22010429606765,183759
2001-04-26,40.266,29.929,0.0,0.202543710926623,183759
2001-04-27,42.177,28.42,0.0,0.193092992007845,183759
2001-04-28,40.094,30.36,0.0,0.14562970718007,183759
2001-04-29,42.417,27.356,0.0,0.153409336471122,183759
2001-04-30,42.695,27.15,0.0,0.14336352598617,183759
2001-05-01,45.633,26.829,0.0,0.139748813464911,183759
2001-05-02,45.903,30.129,0.0,0.13397946593939,183759
2001-05-03,41.813,29.907,0.0,0.16040350691212,183759
2001-05-04,42.073,26.491,0.0,0.189139587300333,183759
2001-05-05,43.837,26.199,0.0,0.156960274320879,183759
2001-05-06,42.833,26.339,0.0,0.182067052415203,183759
2001-05-07,40.586,26.059,0.0,0.194592503353662,183759
2001-05-08,40.292,27.279,0.0,0.189073123501992,183759
2001-05-09,41.764,25.948,0.0,0.197732348698974,183759
2001-05-10,40.767,26.174,0.0,0.224637282079405,183759
2001-05-11,40.941,25.761,0.0,0.2424198170056,183759
2001-05-12,40.944,25.227,0.0,0.228590764382149,183759
2001-05-13,40.784,24.939,0.0,0.238385591400474,183759
2001-05-14,37.843,25.708,0.0,0.281372225801511,183759
2001-05-15,39.668,25.63,0.01373292,0.279717758412675,183759
2001-05-16,38.611,26.311,0.017166132,0.304325753514762,183759
2001-05-17,39.79,24.97,0.0,0.290985418529542,183759
2001-05-18,38.88,25.344,0.035190576,0.327400790579306,183759
2001-05-19,36.947,25.246,0.0,0.320883490167318,183759
2001-05-20,37.05,25.886,0.0205993584,0.34671365593853,183759
2001-05-21,36.973,25.835,0.01373292,0.38260990827694,183759
2001-05-22,39.956,24.701,3.92418216,0.471891182566586,183759
2001-05-23,38.131,26.239,0.25577532,0.395993193894278,183759
2001-05-24,38.238,25.063,0.0,0.41086365224291,183759
2001-05-25,38.466,24.825,0.0,0.446238065199207,183759
2001-05-26,37.226,23.752,0.0,0.417073881481407,183759
2001-05-27,38.586,24.217,0.0,0.411970276376446,183759
2001-05-28,37.974,24.269,0.063514692,0.43504313193055,183759
2001-05-29,37.526,23.693,0.794792232,0.43681131408642,183759
2001-05-30,38.015,23.499,0.113296644,0.430644922739334,183759
2001-05-31,37.869,23.396,0.01373292,0.422111987019088,183759
2001-06-01,37.385,24.6,0.0034332264,0.434676546942649,183759
2001-06-02,37.007,25.428,0.322723692,0.396863909395405,183759
2001-06-03,38.888,24.743,1.96552152,0.420553279038122,183759
2001-06-04,35.211,26.29,1.924323804,0.419457433921417,183759
2001-06-05,36.058,25.152,2.9199607056,0.447692409259227,183759
2001-06-06,34.671,24.841,16.144751448,0.556364581867416,183759
2001-06-07,31.978,24.109,60.9448788,0.758863797221656,183759
2001-06-08,31.125,23.794,16.8296763096,0.723824568428524,183759
2001-06-09,32.091,23.695,6.89907276,0.672998386757099,183759
2001-06-10,30.593,23.282,6.90078744,0.721214926055379,183759
2001-06-11,31.711,23.404,20.130730308,0.717677779559574,183759
2001-06-12,29.24,23.029,7.0878991032,0.754033825830983,183759
2001-06-13,26.87,21.906,3.2495512104,0.78065631188086,183759
2001-06-14,26.776,21.074,4.627131876,0.806047681840953,183759
2001-06-15,26.946,20.993,0.2197266552,0.74209295128889,183759
2001-06-16,29.079,22.002,0.8016585984,0.681945594277472,183759
2001-06-17,27.15,22.47,2.8324132344,0.732635086668707,183759
2001-06-18,30.92,22.98,7.2029128824,0.72702705653674,183759
2001-06-19,33.227,22.917,3.6649686456,0.647065101312722,183759
2001-06-20,31.173,23.721,8.5727655,0.665905799923589,183759
2001-06-21,33.432,22.672,0.4669201584,0.592900497083574,183759
2001-06-22,34.348,22.88,1.5638377248,0.571281431045278,183759
2001-06-23,35.564,23.027,0.13046256,0.548074380191819,183759
2001-06-24,35.849,23.41,0.0,0.536909978624726,183759
2001-06-25,35.636,23.357,0.0137329128,0.516832723914658,183759
2001-06-26,35.286,22.757,0.0,0.522299728429053,183759
2001-06-27,32.96,23.871,0.9810447768,0.588120133272401,183759
2001-06-28,32.513,24.047,0.6591802392,0.556473662344168,183759
2001-06-29,32.207,22.746,6.560040708,0.61481696441068,183759
2001-06-30,33.72,23.269,0.7106794416,0.587738025499802,183759
2001-07-01,33.894,22.924,0.1974105504,0.581037619099991,183759
2001-07-02,30.968,22.947,2.5371562824,0.651838926841404,183759
2001-07-03,29.163,23.252,1.7972968248,0.651565929260831,183759
2001-07-04,30.791,23.739,0.96816996,0.639925593496676,183759
2001-07-05,29.611,23.661,0.0720978192,0.63041507581413,183759
2001-07-06,30.809,22.854,2.8976446728,0.648955014802046,183759
2001-07-07,28.92,23.508,0.9510038928,0.685844048697399,183759
2001-07-08,32.468,23.624,3.9756756888,0.6674783948164,183759
2001-07-09,26.972,22.575,3.62205486,0.742214714090089,183759
2001-07-10,28.686,22.449,2.3843763144,0.727475529839316,183759
2001-07-11,26.516,22.488,0.789642756,0.739715812962826,183759
2001-07-12,30.832,22.465,2.5577524224,0.70402297897253,183759
2001-07-13,31.35,22.879,3.3044811264,0.672008245525066,183759
2001-07-14,31.795,22.338,1.1569973688,0.647742386853642,183759
2001-07-15,29.501,23.046,2.9697423768,0.664903555616298,183759
2001-07-16,29.476,23.326,4.6846433304,0.667608132236552,183759
2001-07-17,32.439,22.97,5.1858935424,0.63156122988143,183759
2001-07-18,29.757,23.221,2.13546798,0.661073518600169,183759
2001-07-19,29.514,23.618,4.8614519304,0.685596788522727,183759
2001-07-20,32.804,23.232,6.9282523728,0.628708582133393,183759
2001-07-21,27.978,23.517,0.5836486392,0.681542426632101,183759
2001-07-22,29.739,23.165,2.2607803944,0.668870844349505,183759
2001-07-23,31.742,23.151,2.9079454896,0.649903512905333,183759
2001-07-24,31.834,22.988,0.2643584472,0.633296396216614,183759
2001-07-25,34.455,22.456,2.190397104,0.589434487082156,183759
2001-07-26,33.576,22.361,0.20942676,0.593924324914177,183759
2001-07-27,33.192,22.568,2.070234576,0.629056718838057,183759
2001-07-28,32.695,23.445,1.2599944056,0.635605254795501,183759
2001-07-29,31.971,22.148,1.247978232,0.702069120339417,183759
2001-07-30,31.325,21.32,2.828979684,0.684963845477856,183759
2001-07-31,33.943,22.014,3.48644484,0.673201787561316,183759
2001-08-01,31.687,22.57,9.0268119864,0.701081782418674,183759
2001-08-02,29.31,22.169,9.2937465144,0.762108111389195,183759
2001-08-03,29.662,21.838,11.3528169864,0.775132685352811,183759
2001-08-04,28.478,21.674,16.046904672,0.83991782386926,183759
2001-08-05,28.477,21.52,3.894999696,0.807011412351338,183759
2001-08-06,27.02,21.089,2.1457669464,0.814757297120181,183759
2001-08-07,29.862,21.711,4.2726539304,0.765289940753454,183759
2001-08-08,29.945,21.996,11.393171784,0.802300870318017,183759
2001-08-09,27.868,22.283,26.67875832,0.87294867328716,183759
2001-08-10,28.856,21.751,7.1943279624,0.806047535801404,183759
2001-08-11,27.049,22.137,12.541581792,0.845902895685675,183759
2001-08-12,28.664,22.2,8.8937771688,0.835851053085144,183759
2001-08-13,29.547,21.766,3.3465402792,0.788050080037658,183759
2001-08-14,29.527,21.735,8.7118179048,0.793228571064801,183759
2001-08-15,25.033,22.194,11.157986988,0.876098154572663,183759
2001-08-16,25.686,21.84,4.3773684912,0.854393509633179,183759
2001-08-17,25.313,21.888,1.2840267096,0.829498733422016,183759
2001-08-18,25.048,21.829,0.944137944,0.818757021459294,183759
2001-08-19,28.12,21.488,0.4480366752,0.753341733460886,183759
2001-08-20,27.876,20.891,1.3998986784,0.746041772051389,183759
2001-08-21,25.124,21.392,6.10428276,0.818724872456714,183759
2001-08-22,26.311,21.395,2.0565045,0.784631039295285,183759
2001-08-23,30.107,22.089,2.6667581544,0.735568283104351,183759
2001-08-24,31.789,22.226,1.8951415344,0.705002310547762,183759
2001-08-25,32.363,21.153,0.424003356,0.660789460161692,183759
2001-08-26,31.249,22.0,10.245613896,0.708148816977131,183759
2001-08-27,31.598,21.53,6.6278472264,0.708048071768472,183759
2001-08-28,32.121,22.204,0.3244398768,0.645364850362105,183759
2001-08-29,31.288,22.711,0.4566195792,0.634011213844272,183759
2001-08-30,31.955,22.373,0.7415770392,0.623401295969409,183759
2001-08-31,31.92,22.703,0.5699159784,0.630308780221148,183759
2001-09-01,32.63,21.405,2.260780956,0.630781146003492,183759
2001-09-02,33.387,22.394,2.356911972,0.635851430933529,183759
2001-09-03,31.526,22.688,3.840066,0.676256133530103,183759
2001-09-04,32.793,21.968,3.4229299176,0.64262487252959,183759
2001-09-05,31.002,21.51,0.5836483656,0.606077839626483,183759
2001-09-06,31.113,20.619,1.1569974264,0.57820453964925,183759
2001-09-07,24.674,20.742,11.77425612,0.835196026680064,183759
2001-09-08,34.845,20.764,5.3618385744,0.66483421802924,183759
2001-09-09,30.954,23.356,3.0881864664,0.590270889218424,183759
2001-09-10,34.586,21.72,0.1716613488,0.531152246213285,183759
2001-09-11,33.605,22.672,0.0823974624,0.546106401108958,183759
2001-09-12,34.273,21.194,0.0995637384,0.531137999149846,183759
2001-09-13,31.73,22.688,4.4159910984,0.609132324379101,183759
2001-09-14,31.096,23.595,0.896072292,0.569636513981962,183759
2001-09-15,31.11,23.028,5.31463572,0.664511711380649,183759
2001-09-16,31.327,21.698,10.552023936,0.755080148348305,183759
2001-09-17,31.254,21.765,16.13959704,0.780200009076035,183759
2001-09-18,32.339,21.503,8.51698116,0.758919934651845,183759
2001-09-19,31.312,21.264,5.441669172,0.749481536589305,183759
2001-09-20,30.659,22.498,13.15440864,0.758269185824117,183759
2001-09-21,30.245,20.577,14.83326,0.802275703603286,183759
2001-09-22,31.702,22.523,2.224731888,0.72824758743751,183759
2001-09-23,32.741,21.449,1.191330036,0.709417631538525,183759
2001-09-24,33.928,21.313,4.864886424,0.703804106932691,183759
2001-09-25,32.157,21.822,10.06880022,0.710926072524443,183759
2001-09-26,31.11,22.25,7.2715744872,0.753683320725411,183759
2001-09-27,31.734,21.655,4.01687424,0.718133494610576,183759
2001-09-28,33.11,21.467,0.0,0.646033877413739,183759
2001-09-29,33.257,19.71,0.0,0.431963177463691,183759
2001-09-30,32.707,19.972,0.0,0.450196065263394,183759
2001-10-01,31.836,22.121,0.0,0.622551047852947,183759
2001-10-02,31.468,21.705,0.381088656,0.678957050770812,183759
2001-10-03,31.798,21.203,1.6050339216,0.662756799758148,183759
2001-10-04,32.587,21.455,9.037968588,0.696466855106994,183759
2001-10-05,30.113,22.23,7.1479826208,0.808681150381979,183759
2001-10-06,28.501,21.836,17.8991263224,0.873295241227939,183759
2001-10-07,27.275,22.395,4.8992145696,0.877212943507677,183759
2001-10-08,26.584,22.29,3.667546872,0.900355799836918,183759
2001-10-09,27.451,22.091,13.0007780568,0.891114971781914,183759
2001-10-10,28.63,22.37,23.03524044,0.878802001369744,183759
2001-10-11,27.744,21.917,12.6797652,0.885007451852435,183759
2001-10-12,25.844,22.306,68.717696868,0.924809338491056,183759
2001-10-13,29.394,22.305,8.43201396,0.830860817338162,183759
2001-10-14,30.998,20.277,4.79193012,0.747611808530797,183759
2001-10-15,30.96,21.014,3.36456216,0.750889269414247,183759
2001-10-16,30.776,20.675,0.11157984,0.650685579714432,183759
2001-10-17,27.335,20.763,0.0,0.560717548090333,183759
2001-10-18,29.318,21.435,4.6734828264,0.666877442195963,183759
2001-10-19,30.259,21.606,1.057434408,0.791445901780432,183759
2001-10-20,31.687,20.438,0.672913116,0.628082884877766,183759
2001-10-21,30.83,17.46,0.0,0.38465720120398,183759
2001-10-22,30.946,16.191,0.0,0.386502031364236,183759
2001-10-23,30.45,17.143,0.0,0.366932433114362,183759
2001-10-24,30.99,16.335,0.0,0.397578604383326,183759
2001-10-25,31.174,17.111,0.0,0.374655130551812,183759
2001-10-26,31.273,15.953,0.0,0.344389040726514,183759
2001-10-27,31.912,14.571,0.0,0.347169939676941,183759
2001-10-28,32.587,14.803,0.0,0.338445461503037,183759
2001-10-29,32.765,15.117,0.0,0.311240181051496,183759
2001-10-30,30.925,17.673,0.0,0.384199814233036,183759
2001-10-31,30.992,17.795,0.0,0.476839075204272,183759
2001-11-01,32.556,17.759,0.0,0.441360732379896,183759
2001-11-02,32.871,22.2,0.0,0.388543105596209,183759
2001-11-03,32.585,17.524,0.0,0.2904412822323,183759
2001-11-04,32.571,14.966,0.0,0.336298719365135,183759
2001-11-05,32.671,15.839,0.0,0.341859925744651,183759
2001-11-06,32.215,17.569,0.037765512,0.496517208530322,183759
2001-11-07,32.209,18.841,0.102996828,0.527846563267299,183759
2001-11-08,31.669,18.312,0.0,0.343852774510964,183759
2001-11-09,30.832,18.127,0.0,0.41335506997604,183759
2001-11-10,30.155,17.779,0.0,0.424962846329903,183759
2001-11-11,30.07,17.751,0.0,0.430008958729472,183759
2001-11-12,29.551,16.284,0.0,0.398016267218471,183759
2001-11-13,29.315,14.52,0.0,0.318712595475905,183759
2001-11-14,30.311,15.817,0.0,0.380465499568724,183759
2001-11-15,31.603,20.378,0.0205993656,0.516760526666625,183759
2001-11-16,30.638,19.514,8.6654628,0.719602138714374,183759
2001-11-17,30.623,18.315,1.853943876,0.672879701230631,183759
2001-11-18,30.207,19.314,0.0,0.606474990049031,183759
2001-11-19,31.773,18.684,0.0,0.49784427455383,183759
2001-11-20,31.844,19.196,0.0,0.458860442424654,183759
2001-11-21,29.629,15.315,0.0,0.271987384035804,183759
2001-11-22,30.576,14.116,0.0,0.277191066092978,183759
2001-11-23,30.277,15.207,0.0,0.302720972534575,183759
2001-11-24,28.916,14.671,0.0,0.343065573964048,183759
2001-11-25,28.541,16.449,0.0,0.303834877639187,183759
2001-11-26,29.573,15.093,0.0,0.381714434058913,183759
2001-11-27,29.347,17.071,0.0,0.454159035859637,183759
2001-11-28,24.01,19.207,0.5973819264,0.583226308356989,183759
2001-11-29,27.919,14.502,0.0,0.440198376673242,183759
2001-11-30,27.785,13.758,0.0,0.27189402309955,183759
2001-12-01,29.36,15.916,0.0,0.262912153109163,183759
2001-12-02,30.442,15.043,0.0,0.282479817986013,183759
2001-12-03,29.735,13.749,0.0,0.258080546800155,183759
2001-12-04,30.245,13.275,0.0,0.25665196687112,183759
2001-12-05,30.214,14.729,0.0,0.305290043174759,183759
2001-12-06,30.592,14.887,0.0,0.286778039241661,183759
2001-12-07,30.079,14.918,0.0,0.320681687442228,183759
2001-12-08,30.261,13.532,0.0,0.329433182916355,183759
2001-12-09,30.454,14.885,0.0,0.327705634164124,183759
2001-12-10,29.257,12.885,0.0,0.370052264123366,183759
2001-12-11,29.466,13.899,0.0,0.429492749035788,183759
2001-12-12,29.738,14.024,0.0,0.381168069588371,183759
2001-12-13,30.279,13.102,0.0,0.374883337744636,183759
2001-12-14,28.893,15.823,0.0,0.368357757364391,183759
2001-12-15,28.663,14.373,0.0,0.422527352122802,183759
2001-12-16,29.284,15.197,0.0,0.431069360204275,183759
2001-12-17,29.877,14.583,0.0,0.37803522434635,183759
2001-12-18,29.327,15.187,0.0,0.353555432127061,183759
2001-12-19,29.679,15.736,0.0,0.270655062941778,183759
2001-12-20,28.841,14.605,0.0,0.272776087862385,183759
2001-12-21,27.575,14.115,0.0,0.288323585008417,183759
2001-12-22,27.848,13.86,0.0,0.24066159106588,183759
2001-12-23,27.77,12.155,0.0,0.229764000369401,183759
2001-12-24,28.992,12.989,0.0,0.236746322201332,183759
2001-12-25,28.577,14.811,0.0,0.381753766254697,183759
2001-12-26,29.577,18.798,0.0,0.346855507182552,183759
2001-12-27,28.597,21.541,0.0,0.338763324404772,183759
2001-12-28,28.662,15.387,0.0,0.39773289937699,183759
2001-12-29,28.771,17.467,0.0,0.377492753346898,183759
2001-12-30,27.749,16.92,0.0,0.391460981798337,183759
2001-12-31,27.077,16.877,0.0,0.428950643689908,183759
2002-01-01,27.868,14.697,0.0,0.27116505934546,183759
2002-01-02,26.975,13.525,0.0,0.26265747310256,183759
2002-01-03,25.94,12.311,0.0,0.214142987527278,183759
2002-01-04,26.032,11.705,0.0,0.299534666880819,183759
2002-01-05,27.851,14.533,0.044631972,0.469596478062318,183759
2002-01-06,28.663,15.298,0.5982400584,0.604637781570822,183759
2002-01-07,28.388,17.758,0.21457674,0.620804994161165,183759
2002-01-08,26.522,17.641,1.32694272,0.627997513199591,183759
2002-01-09,27.254,16.269,0.0,0.520335303395672,183759
2002-01-10,27.38,15.328,0.0,0.332601007736553,183759
2002-01-11,28.039,14.168,0.0,0.259246123309439,183759
2002-01-12,28.68,11.74,0.0,0.208246120684228,183759
2002-01-13,29.167,12.59,0.0,0.226407833358851,183759
2002-01-14,30.072,13.256,0.0,0.25968543494589,183759
2002-01-15,30.699,14.716,0.0,0.305827809267415,183759
2002-01-16,30.253,13.315,0.0,0.322888168455578,183759
2002-01-17,29.971,12.744,0.0,0.334712671985259,183759
2002-01-18,29.042,13.192,0.0,0.484592559088337,183759
2002-01-19,28.716,15.211,0.0,0.436097262638266,183759
2002-01-20,28.945,14.775,0.0,0.386824372711792,183759
2002-01-21,30.484,14.126,0.0,0.343562824555206,183759
2002-01-22,31.015,16.968,0.0,0.368709973855414,183759
2002-01-23,31.326,15.265,0.0,0.293480804605211,183759
2002-01-24,32.491,16.741,0.0,0.189989708654339,183759
2002-01-25,31.314,15.169,0.0,0.169773930327457,183759
2002-01-26,30.482,11.821,0.0,0.247603617589241,183759
2002-01-27,28.939,12.861,0.0,0.417626051720231,183759
2002-01-28,27.546,13.167,0.0,0.308056575722983,183759
2002-01-29,28.913,13.592,0.0,0.302582964092638,183759
2002-01-30,28.484,14.797,0.0,0.269890873226562,183759
2002-01-31,27.473,16.312,0.0,0.463467304375724,183759
2002-02-01,29.842,16.426,0.0,0.421157688853657,183759
2002-02-02,30.213,17.738,0.0,0.38516022859694,183759
2002-02-03,30.724,17.837,0.0,0.363298061767116,183759
2002-02-04,30.898,17.539,0.0,0.374819540007368,183759
2002-02-05,31.871,19.047,0.0,0.336992394269383,183759
2002-02-06,32.507,19.848,0.0,0.393545983429099,183759
2002-02-07,30.682,20.375,0.58193208,0.413381035199166,183759
2002-02-08,31.378,20.277,0.10814652,0.387055831692073,183759
2002-02-09,31.397,19.014,0.3604891104,0.539491681602182,183759
2002-02-10,30.623,19.344,0.017166132,0.41700440633214,183759
2002-02-11,30.551,19.947,0.0,0.430818866840841,183759
2002-02-12,31.245,18.257,0.0,0.30655272315502,183759
2002-02-13,31.511,21.099,0.0,0.36148015878561,183759
2002-02-14,32.312,19.927,0.0,0.301783916574516,183759
2002-02-15,32.709,20.359,0.0,0.302831701990369,183759
2002-02-16,32.397,20.988,0.0,0.302919305763819,183759
2002-02-17,32.16,22.224,0.0,0.292137966858795,183759
2002-02-18,32.897,19.29,0.0,0.250443151801291,183759
2002-02-19,32.962,21.353,0.0,0.183999485543781,183759
2002-02-20,32.982,19.376,0.0,0.233901537063104,183759
2002-02-21,33.629,17.447,0.0,0.239524671442611,183759
2002-02-22,34.252,19.501,0.0,0.249673128482279,183759
2002-02-23,34.025,18.933,0.0,0.236197491142674,183759
2002-02-24,33.943,19.183,0.0,0.207678121193227,183759
2002-02-25,33.987,17.211,0.0,0.181666994248882,183759
2002-02-26,33.809,16.552,0.0,0.164513228587616,183759
2002-02-27,34.295,17.911,0.0,0.167915835469347,183759
2002-02-28,34.704,16.095,0.0,0.16346382842378,183759
2002-03-01,34.997,17.282,0.0,0.170394803331639,183759
2002-03-02,35.104,17.39,0.0,0.18554581309557,183759
2002-03-03,36.528,20.271,0.0,0.17614197514374,183759
2002-03-04,35.148,19.787,0.0,0.181125856112437,183759
2002-03-05,36.427,20.018,0.0,0.180658784621783,183759
2002-03-06,37.444,20.882,0.0,0.17867175777472,183759
2002-03-07,36.081,20.157,0.0,0.13165763270423,183759
2002-03-08,34.738,19.834,0.0,0.201242487770107,183759
2002-03-09,37.124,19.796,0.0,0.214243688863194,183759
2002-03-10,36.963,20.974,0.0,0.262612715319442,183759
2002-03-11,36.922,21.131,0.0,0.170776345896664,183759
2002-03-12,37.638,22.588,0.0,0.136203594113509,183759
2002-03-13,36.619,21.106,0.0,0.149443410424784,183759
2002-03-14,36.467,24.052,0.0,0.200415507530522,183759
2002-03-15,35.819,21.715,0.0,0.229880124027792,183759
2002-03-16,37.716,21.37,0.0,0.223328014281895,183759
2002-03-17,36.992,22.209,0.0,0.173315358996192,183759
2002-03-18,36.653,20.937,0.0,0.213966591383229,183759
2002-03-19,36.82,20.498,0.0,0.138848806088832,183759
2002-03-20,36.44,21.607,0.0,0.137589251018916,183759
2002-03-21,36.776,18.508,0.0,0.161309629167208,183759
2002-03-22,37.914,23.848,0.0,0.16836939908302,183759
2002-03-23,38.199,21.914,0.0,0.146369897603633,183759
2002-03-24,37.593,21.031,0.0,0.232691012617441,183759
2002-03-25,37.395,21.107,0.0,0.190984890567386,183759
2002-03-26,37.631,20.674,0.0,0.219996157454555,183759
2002-03-27,36.892,20.572,0.0,0.186571155817512,183759
2002-03-28,37.527,22.199,0.0,0.205212762398073,183759
2002-03-29,39.923,22.957,0.0,0.182254566691018,183759
2002-03-30,39.549,22.704,0.0,0.133770642346322,183759
2002-03-31,38.075,23.694,0.10299672,0.318881794820423,183759
2002-04-01,40.39,26.864,0.0,0.232995202032509,183759
2002-04-02,39.274,22.721,0.0,0.21687130853812,183759
2002-04-03,41.065,22.893,0.0,0.246127400372946,183759
2002-04-04,41.428,23.682,0.0,0.235594679660044,183759
2002-04-05,41.038,23.195,0.0,0.207756314118777,183759
2002-04-06,37.17,28.017,0.0,0.233874807246018,183759
2002-04-07,38.247,24.737,0.12016278,0.245564137748988,183759
2002-04-08,35.118,26.444,2.255627952,0.376463363763111,183759
2002-04-09,37.963,23.791,0.24032592,0.341913040567749,183759
2002-04-10,37.607,23.807,0.0,0.188322997175191,183759
2002-04-11,38.838,22.085,0.0,0.154071021678238,183759
2002-04-12,39.049,23.951,0.0,0.117216134701831,183759
2002-04-13,39.45,22.653,0.0,0.130721413873973,183759
2002-04-14,40.791,24.1,0.0,0.221867100225799,183759
2002-04-15,42.609,25.263,0.0,0.173243825661392,183759
2002-04-16,40.776,26.221,0.0,0.195242104412514,183759
2002-04-17,41.76,29.353,0.0,0.166226669397279,183759
2002-04-18,38.394,29.241,0.0,0.212353267618187,183759
2002-04-19,38.724,29.325,0.054931644,0.203515965599603,183759
2002-04-20,43.713,26.34,0.0,0.192042997258554,183759
2002-04-21,37.871,30.759,0.0,0.181605196456199,183759
2002-04-22,43.338,27.564,0.0,0.149958951544752,183759
2002-04-23,42.378,25.722,0.0,0.142327222480042,183759
2002-04-24,43.46,24.799,0.0,0.133115562271464,183759
2002-04-25,43.019,25.759,0.0,0.133704410072823,183759
2002-04-26,42.19,24.677,0.0,0.132526361306177,183759
2002-04-27,41.212,24.745,0.0,0.0900149939462783,183759
2002-04-28,44.888,21.171,0.0,0.0850945435034416,183759
2002-04-29,42.697,22.495,0.0,0.0843506793318859,183759
2002-04-30,44.988,24.659,0.0,0.124385759090717,183759
2002-05-01,45.22,24.118,0.0,0.11669261264005,183759
2002-05-02,42.011,27.649,0.0,0.162242930224057,183759
2002-05-03,42.831,29.73,0.0,0.142217078561241,183759
2002-05-04,44.197,27.386,0.0,0.172743090254295,183759
2002-05-05,43.074,27.464,0.0,0.264743701387615,183759
2002-05-06,41.076,27.771,0.0,0.290713694594461,183759
2002-05-07,40.733,27.892,0.0,0.357212367512163,183759
2002-05-08,42.339,27.075,0.0,0.383955626120459,183759
2002-05-09,40.037,28.498,0.247192308,0.38989961178778,183759
2002-05-10,40.376,26.715,0.0,0.419063476248614,183759
2002-05-11,40.191,27.155,0.0,0.382271947945433,183759
2002-05-12,39.438,26.165,0.0,0.374581766292174,183759
2002-05-13,40.04,27.01,0.0,0.389139727547724,183759
2002-05-14,40.614,26.256,0.010299672,0.407271315113035,183759
2002-05-15,40.371,26.865,0.688362192,0.396027156986542,183759
2002-05-16,40.763,26.243,0.2574919584,0.370338033098192,183759
2002-05-17,40.763,27.545,0.0274658184,0.378834310097153,183759
2002-05-18,36.651,26.604,4.42199646,0.529758512163911,183759
2002-05-19,39.539,26.501,1.132964784,0.379071108007773,183759
2002-05-20,38.715,24.046,0.0,0.39687142191017,183759
2002-05-21,38.509,24.072,0.0,0.356479631332584,183759
2002-05-22,38.991,26.432,0.0,0.308045041787883,183759
2002-05-23,40.189,25.398,0.0,0.318382291057241,183759
2002-05-24,39.074,27.462,0.0,0.300642102505306,183759
2002-05-25,40.656,27.797,0.0,0.295025278543412,183759
2002-05-26,39.56,27.359,0.71067852,0.351192505475301,183759
2002-05-27,39.136,25.569,0.0,0.373147288904808,183759
2002-05-28,38.298,24.552,0.0,0.3676001460216,183759
2002-05-29,40.248,26.025,0.0,0.377554972137944,183759
2002-05-30,37.155,26.9,0.7038117504,0.406552913325226,183759
2002-05-31,40.939,27.159,0.5922318528,0.373742337939024,183759
2002-06-01,36.752,26.733,0.07553088,0.391059670594678,183759
2002-06-02,35.665,27.658,0.0,0.35995727816534,183759
2002-06-03,37.614,27.08,2.533718268,0.3812814716118,183759
2002-06-04,31.768,26.398,5.496601284,0.515818502300237,183759
2002-06-05,36.861,24.869,0.0583648128,0.512059644457741,183759
2002-06-06,37.818,24.845,0.02059938,0.427759321018879,183759
2002-06-07,38.441,25.885,0.2815247664,0.387449838458211,183759
2002-06-08,38.851,25.75,1.66511682,0.444966201246891,183759
2002-06-09,39.716,26.405,7.26471468,0.522027013124184,183759
2002-06-10,29.465,23.861,7.3951758,0.700493188777212,183759
2002-06-11,38.09,23.482,2.20069926,0.617607694443786,183759
2002-06-12,34.319,25.406,23.30303004,0.704889453040151,183759
2002-06-13,39.543,25.192,8.198542944,0.630510226164897,183759
2002-06-14,30.13,23.66,111.4116684264,0.761427085439838,183759
2002-06-15,33.651,23.756,2.5096882464,0.65633289130242,183759
2002-06-16,31.991,23.101,4.672625472,0.657151830896079,183759
2002-06-17,32.128,23.048,3.773118492,0.696440695373724,183759
2002-06-18,33.317,23.232,1.457405136,0.663381512304539,183759
2002-06-19,31.74,23.458,4.1988373344,0.673118338294012,183759
2002-06-20,32.251,23.361,5.7712581504,0.65795880499828,183759
2002-06-21,30.217,23.813,29.8519174224,0.734930697948118,183759
2002-06-22,30.047,22.851,7.985690028,0.765931926315984,183759
2002-06-23,28.622,22.698,10.945129212,0.793411702969546,183759
2002-06-24,25.671,22.424,14.287383432,0.845455668320729,183759
2002-06-25,23.86,21.137,24.68148048,0.870558209970978,183759
2002-06-26,22.945,21.18,25.49515608,0.897024703748452,183759
2002-06-27,24.896,21.924,4.627991124,0.873181006643088,183759
2002-06-28,30.132,22.192,0.841140684,0.765940574275546,183759
2002-06-29,29.963,21.839,4.3052695848,0.768580895656289,183759
2002-06-30,31.44,23.266,5.9360508144,0.751363566599471,183759
2002-07-01,30.163,22.522,8.074088136,0.762675099281206,183759
2002-07-02,32.455,22.258,1.62219924,0.680470861885257,183759
2002-07-03,32.417,23.13,0.2574921024,0.663840671714781,183759
2002-07-04,28.827,23.668,0.7887843432,0.678695558194059,183759
2002-07-05,33.106,22.051,0.014591232,0.612029994481247,183759
2002-07-06,34.813,23.83,0.288391428,0.584364740085088,183759
2002-07-07,33.907,22.239,0.173378268,0.581367041898847,183759
2002-07-08,32.781,23.438,2.0041469928,0.585642614211378,183759
2002-07-09,34.537,22.319,0.9424207728,0.551553200042043,183759
2002-07-10,34.363,22.878,0.76389264,0.542957217219479,183759
2002-07-11,33.356,24.259,1.956080988,0.566763261875487,183759
2002-07-12,31.927,23.974,3.0341167776,0.609146341436036,183759
2002-07-13,33.902,24.203,1.3483997568,0.584598305243235,183759
2002-07-14,31.055,24.211,1.2720102984,0.601114337655615,183759
2002-07-15,33.156,24.506,2.818680372,0.588034564659241,183759
2002-07-16,34.666,23.711,4.0306099968,0.570276405654248,183759
2002-07-17,28.732,22.943,4.3035519168,0.698891585545107,183759
2002-07-18,27.273,22.764,8.8937768664,0.795416001549811,183759
2002-07-19,28.023,21.908,6.0201611424,0.777873047426007,183759
2002-07-20,28.491,21.731,3.8005818984,0.772579989105056,183759
2002-07-21,29.823,21.792,2.0994197184,0.730022058462098,183759
2002-07-22,28.811,22.267,4.2760839888,0.734339433771941,183759
2002-07-23,27.811,22.088,4.6846375848,0.793875647468374,183759
2002-07-24,28.279,22.174,5.4519659208,0.784535824388171,183759
2002-07-25,26.404,22.382,8.331589908,0.81495810464396,183759
2002-07-26,28.655,21.944,7.017516936,0.779759059806522,183759
2002-07-27,27.528,22.815,5.225375448,0.792287529560368,183759
2002-07-28,29.561,22.834,1.5758518968,0.744430832785771,183759
2002-07-29,31.346,21.543,0.1467706032,0.687396086340064,183759
2002-07-30,33.901,23.262,1.96895628,0.605065113795052,183759
2002-07-31,34.516,22.853,2.4890906664,0.605263690317159,183759
2002-08-01,31.933,23.655,2.877044796,0.679785846902875,183759
2002-08-02,30.051,23.812,19.6741098,0.772341329148536,183759
2002-08-03,30.403,22.023,9.45854118,0.802738025870503,183759
2002-08-04,29.151,22.753,14.148338616,0.831813428689168,183759
2002-08-05,26.049,21.053,3.374859276,0.826831976268777,183759
2002-08-06,24.392,20.788,6.03905004,0.852093955767169,183759
2002-08-07,23.006,20.95,4.229738352,0.895109983067654,183759
2002-08-08,25.304,21.175,3.872682504,0.856311256970346,183759
2002-08-09,25.693,20.924,1.831626828,0.856451925006354,183759
2002-08-10,26.227,20.584,3.076171164,0.841337710385592,183759
2002-08-11,24.982,21.247,2.089118916,0.863941526020184,183759
2002-08-12,24.957,21.665,1.64451564,0.850302126828916,183759
2002-08-13,23.766,21.819,2.619551916,0.857560159363736,183759
2002-08-14,23.796,21.942,3.06243972,0.878423717258936,183759
2002-08-15,25.864,22.529,2.090835036,0.84533582821368,183759
2002-08-16,24.674,22.247,2.25734796,0.849461476485779,183759
2002-08-17,29.253,21.424,1.038551184,0.770010263101875,183759
2002-08-18,27.499,21.849,4.6314278064,0.783453884747922,183759
2002-08-19,27.302,21.204,1.4797210824,0.806849263492827,183759
2002-08-20,28.742,22.208,5.585861412,0.787575534672557,183759
2002-08-21,28.995,22.289,0.7793445672,0.749405308912131,183759
2002-08-22,25.562,22.128,0.617981112,0.774790287063992,183759
2002-08-23,25.292,22.249,7.817462568,0.814036507327092,183759
2002-08-24,22.657,21.17,41.24509344,0.917855424205351,183759
2002-08-25,24.564,20.493,9.6267680784,0.911797775137274,183759
2002-08-26,27.729,20.1,0.6832122768,0.83623415722893,183759
2002-08-27,29.871,20.002,3.75594876,0.776282524832134,183759
2002-08-28,30.281,20.583,1.7560961784,0.749763177540526,183759
2002-08-29,23.683,20.532,14.48822016,0.883735483386867,183759
2002-08-30,26.385,20.817,13.22307684,0.847685419614686,183759
2002-08-31,25.274,21.014,6.401256192,0.860542581953809,183759
2002-09-01,23.804,21.705,21.7366218,0.905859008387064,183759
2002-09-02,24.754,21.45,18.93854106,0.90505639223696,183759
2002-09-03,26.679,21.617,14.087391408,0.886014939752819,183759
2002-09-04,25.17,21.679,13.94748828,0.901742088067677,183759
2002-09-05,25.624,21.218,16.0314543864,0.925522413809327,183759
2002-09-06,25.854,21.632,18.5016708,0.917894074576602,183759
2002-09-07,27.917,20.982,6.8836204152,0.84925107377249,183759
2002-09-08,29.111,19.258,0.76131756,0.7708124462037,183759
2002-09-09,29.289,18.666,0.1167298848,0.706825314470261,183759
2002-09-10,30.188,18.439,1.6016006664,0.709417145689843,183759
2002-09-11,28.405,19.905,3.54995568,0.78427421921222,183759
2002-09-12,30.878,20.941,5.34896856,0.740070012300047,183759
2002-09-13,32.842,20.707,2.274515496,0.690288861112706,183759
2002-09-14,26.107,21.192,11.516760936,0.848271793739097,183759
2002-09-15,31.586,20.527,4.52327472,0.73217154349078,183759
2002-09-16,28.244,20.773,5.58243108,0.797773099448062,183759
2002-09-17,31.681,19.223,0.837707328,0.672359811180541,183759
2002-09-18,32.794,19.805,0.901222092,0.622933828241454,183759
2002-09-19,29.546,21.796,3.9653786664,0.730206545613969,183759
2002-09-20,31.245,21.119,1.85566032,0.720198612095179,183759
2002-09-21,32.513,20.6,8.689491,0.703226535602689,183759
2002-09-22,34.111,20.939,2.698517412,0.689003387314869,183759
2002-09-23,32.808,21.498,2.140617996,0.648773482825682,183759
2002-09-24,34.123,21.559,3.4332309,0.651259325053966,183759
2002-09-25,32.243,22.652,25.919154,0.716394981243181,183759
2002-09-26,30.814,22.287,8.52555996,0.747125765481206,183759
2002-09-27,34.695,20.735,0.219726468,0.619983046787711,183759
2002-09-28,33.32,22.43,0.02059938,0.614550992566172,183759
2002-09-29,33.555,22.517,0.0,0.531568447848648,183759
2002-09-30,33.434,18.635,0.0,0.37896455696765,183759
2002-10-01,33.91,20.321,0.0,0.377916699949748,183759
2002-10-02,34.252,19.785,0.0,0.458339320029666,183759
2002-10-03,35.369,22.325,0.0,0.383190175426091,183759
2002-10-04,35.482,20.429,0.0,0.354850944164879,183759
2002-10-05,35.378,21.886,0.0,0.331695167853749,183759
2002-10-06,35.53,22.189,0.0,0.38307427075366,183759
2002-10-07,34.838,21.37,0.0,0.402936842996224,183759
2002-10-08,34.263,20.494,0.0,0.482005181413851,183759
2002-10-09,31.972,21.161,5.15671344,0.673712891400414,183759
2002-10-10,31.683,21.104,3.840924132,0.691462199833188,183759
2002-10-11,25.681,22.56,8.731555704,0.873712880535154,183759
2002-10-12,28.488,22.263,4.04262864,0.83060453689286,183759
2002-10-13,25.418,21.1,2.32086348,0.814562939976781,183759
2002-10-14,30.552,20.786,0.0,0.672837908964138,183759
2002-10-15,28.648,21.606,2.380941288,0.757719520129691,183759
2002-10-16,28.012,22.129,10.44903348,0.862822166783136,183759
2002-10-17,26.142,20.904,8.3358776664,0.901173845889944,183759
2002-10-18,28.953,21.07,0.0,0.741856828690179,183759
2002-10-19,30.747,18.241,0.0,0.618619720833715,183759
2002-10-20,32.047,18.536,0.0,0.532599170080159,183759
2002-10-21,32.331,21.893,0.0,0.444167859010902,183759
2002-10-22,32.221,19.63,0.0,0.404240149262386,183759
2002-10-23,31.987,18.881,0.0,0.417227738072753,183759
2002-10-24,31.76,18.385,0.0,0.412849392857175,183759
2002-10-25,31.381,18.581,0.0,0.453635412625457,183759
2002-10-26,30.777,18.743,0.0,0.359801136486819,183759
2002-10-27,30.965,17.891,0.0,0.306699536979866,183759
2002-10-28,30.716,15.286,0.0,0.304774854734346,183759
2002-10-29,31.501,16.069,0.0,0.353698665473169,183759
2002-10-30,31.001,17.198,0.0,0.391873851059438,183759
2002-10-31,32.096,18.642,0.0,0.381070985483953,183759
2002-11-01,31.556,15.952,0.0,0.387682350808874,183759
2002-11-02,30.872,16.638,0.0,0.557033625802358,183759
2002-11-03,31.242,14.946,0.0,0.534806594412461,183759
2002-11-04,31.666,16.243,0.0,0.372248996282539,183759
2002-11-05,31.047,15.973,0.0,0.341812114211561,183759
2002-11-06,30.964,15.94,0.0,0.350522683367725,183759
2002-11-07,31.15,15.72,0.0,0.365948713004943,183759
2002-11-08,30.773,17.064,0.0,0.413896820570461,183759
2002-11-09,30.41,19.046,0.0,0.510601694516773,183759
2002-11-10,27.379,20.273,0.0137329128,0.603454029409462,183759
2002-11-11,31.217,19.932,5.577278544,0.649885122028943,183759
2002-11-12,29.061,20.333,3.6512416224,0.658302367297957,183759
2002-11-13,29.107,18.892,0.0926971344,0.626238948774131,183759
2002-11-14,23.476,20.486,0.8342738784,0.666724669460276,183759
2002-11-15,31.242,18.914,0.0,0.499605477333794,183759
2002-11-16,30.888,18.039,0.0,0.402754972006391,183759
2002-11-17,30.648,16.147,0.0,0.353060140087178,183759
2002-11-18,29.97,16.01,0.0,0.294760770294341,183759
2002-11-19,29.912,14.448,0.0,0.319361451480685,183759
2002-11-20,30.425,14.52,0.0,0.295976825019554,183759
2002-11-21,30.652,15.339,0.0,0.319351497604622,183759
2002-11-22,30.317,14.176,0.0,0.350259869766192,183759
2002-11-23,30.802,14.647,0.0,0.338380594032469,183759
2002-11-24,30.87,13.553,0.0,0.33672906118807,183759
2002-11-25,31.425,14.043,0.0,0.322861990542486,183759
2002-11-26,32.368,14.336,0.0,0.306011251245024,183759
2002-11-27,31.958,16.708,0.0,0.288166884545162,183759
2002-11-28,32.175,15.737,0.0,0.327242289260622,183759
2002-11-29,31.868,15.045,0.0,0.330066366475374,183759
2002-11-30,31.608,13.84,0.0,0.34089056085858,183759
2002-12-01,30.892,14.074,0.0,0.368884691467474,183759
2002-12-02,30.539,15.627,0.0,0.387929330464756,183759
2002-12-03,30.619,16.79,0.0,0.458857741578813,183759
2002-12-04,30.052,16.751,0.0,0.509847831501321,183759
2002-12-05,30.065,16.428,0.0,0.499328891543142,183759
2002-12-06,30.672,16.108,0.0,0.402914976179851,183759
2002-12-07,30.927,17.342,0.0,0.443056641376709,183759
2002-12-08,31.605,14.311,0.0,0.359563226620225,183759
2002-12-09,31.064,15.944,0.0,0.356847200949401,183759
2002-12-10,29.925,15.396,0.0,0.350125518118773,183759
2002-12-11,30.494,16.373,0.0,0.402244486428303,183759
2002-12-12,30.031,15.49,0.0,0.420876163484698,183759
2002-12-13,30.96,14.586,0.0,0.395676880130917,183759
2002-12-14,31.391,15.572,0.0,0.420706778680032,183759
2002-12-15,31.809,16.522,0.0,0.366951095693894,183759
2002-12-16,30.966,16.751,0.0,0.348244105538258,183759
2002-12-17,31.555,15.886,0.0,0.295250894251194,183759
2002-12-18,31.711,15.461,0.0,0.295663275129513,183759
2002-12-19,30.53,13.307,0.0,0.297324616176526,183759
2002-12-20,31.096,13.365,0.0,0.296990258081023,183759
2002-12-21,30.731,13.493,0.0,0.286147902636576,183759
2002-12-22,30.212,13.844,0.0,0.270824058014883,183759
2002-12-23,29.668,15.749,0.0,0.330492326810192,183759
2002-12-24,29.483,17.032,0.0,0.367658897239199,183759
2002-12-25,29.398,15.988,0.0,0.32793367159797,183759
2002-12-26,29.185,14.022,0.0,0.37126855756851,183759
2002-12-27,29.935,15.351,0.0,0.376914319636937,183759
2002-12-28,26.647,17.83,0.0,0.391029389723864,183759
2002-12-29,29.552,15.52,0.0,0.41338607970027,183759
2002-12-30,27.991,14.432,0.0,0.53448020188451,183759
2002-12-31,27.147,17.944,0.089263908,0.500773307882773,183759
2003-01-01,27.197,12.533,0.0,0.324231089624881,183759
2003-01-02,27.122,14.97,0.0,0.398674467842727,183759
2003-01-03,28.197,18.239,0.0,0.45564538584667,183759
2003-01-04,25.563,19.412,0.2540590992,0.683958246733511,183759
2003-01-05,23.418,17.569,1.3097768184,0.792528513740831,183759
2003-01-06,30.369,17.846,0.0,0.550716556852562,183759
2003-01-07,28.012,19.002,0.0,0.434549062210582,183759
2003-01-08,29.461,16.588,0.0,0.405449058353018,183759
2003-01-09,29.493,18.732,0.0,0.427099479400793,183759
2003-01-10,27.966,19.406,0.0,0.513054913218258,183759
2003-01-11,30.211,18.414,0.0,0.417345840651402,183759
2003-01-12,30.389,18.15,0.0,0.420899950097676,183759
2003-01-13,29.185,20.559,0.0,0.397267422831625,183759
2003-01-14,28.089,20.27,0.0,0.403214248641994,183759
2003-01-15,28.879,15.908,0.0,0.373565348776669,183759
2003-01-16,28.021,14.788,0.0,0.229334608263562,183759
2003-01-17,27.639,12.399,0.0,0.146807613899413,183759
2003-01-18,29.315,13.327,0.0,0.19457244422926,183759
2003-01-19,28.813,16.063,0.0,0.33348079359694,183759
2003-01-20,30.195,17.225,0.0,0.364559276457155,183759
2003-01-21,31.489,16.898,0.0,0.366281659209259,183759
2003-01-22,31.882,18.125,0.0,0.371287089121746,183759
2003-01-23,32.767,17.376,0.0,0.344638418675292,183759
2003-01-24,32.276,17.043,0.0,0.234415583089889,183759
2003-01-25,33.054,16.118,0.0,0.230666983232265,183759
2003-01-26,31.859,19.481,0.0,0.28188422961446,183759
2003-01-27,31.486,24.004,0.0,0.330161919928296,183759
2003-01-28,32.444,19.0,0.0,0.254744115436226,183759
2003-01-29,32.236,19.824,0.0,0.32619710407429,183759
2003-01-30,31.974,16.941,0.0,0.305384240403964,183759
2003-01-31,33.316,17.284,0.0,0.300563913787387,183759
2003-02-01,32.985,18.054,0.0,0.289312049525831,183759
2003-02-02,33.284,19.702,0.0,0.328366751687409,183759
2003-02-03,33.221,20.014,0.0240325992,0.393922843217706,183759
2003-02-04,32.318,19.905,0.137329092,0.390271775921771,183759
2003-02-05,32.066,21.934,0.133895736,0.398629756923626,183759
2003-02-06,31.122,19.212,0.01373292,0.423234145876556,183759
2003-02-07,29.813,21.056,0.010299672,0.433338967717587,183759
2003-02-08,31.438,21.867,0.0,0.362405997856296,183759
2003-02-09,31.217,19.928,0.0,0.236394534155693,183759
2003-02-10,32.392,19.586,0.0,0.294995087553117,183759
2003-02-11,32.804,20.21,0.0,0.330972768807579,183759
2003-02-12,33.179,23.242,0.0,0.296188808656433,183759
2003-02-13,33.721,18.566,0.0,0.313773105454985,183759
2003-02-14,34.683,19.865,0.0,0.252722680513465,183759
2003-02-15,34.297,18.333,0.0,0.315555096306635,183759
2003-02-16,34.759,17.739,0.0,0.231923122452642,183759
2003-02-17,34.579,16.824,0.0,0.1994313316605,183759
2003-02-18,32.853,20.755,0.0,0.192554834478556,183759
2003-02-19,32.945,19.203,0.0,0.406132456132704,183759
2003-02-20,33.924,18.329,0.0,0.292916230244777,183759
2003-02-21,33.708,18.768,0.0,0.194871190421386,183759
2003-02-22,35.013,18.38,0.0,0.201063775954324,183759
2003-02-23,35.529,18.933,0.0,0.210509942854745,183759
2003-02-24,35.497,17.648,0.0,0.213003312486954,183759
2003-02-25,34.734,20.496,0.0,0.204729953425553,183759
2003-02-26,34.315,20.771,0.0,0.229771490752893,183759
2003-02-27,36.106,20.059,0.0,0.239054946938829,183759
2003-02-28,37.695,21.638,0.0,0.246126063360263,183759
2003-03-01,37.928,21.124,0.0,0.233946514466918,183759
2003-03-02,37.911,21.725,0.0,0.198820147625265,183759
2003-03-03,36.953,24.213,0.0,0.184549437028421,183759
2003-03-04,35.638,21.935,0.0,0.159230123453853,183759
2003-03-05,35.762,18.735,0.0,0.0987812403569839,183759
2003-03-06,36.027,18.21,0.0,0.114255370126376,183759
2003-03-07,35.682,18.527,0.0,0.0923123861738983,183759
2003-03-08,35.748,18.156,0.0,0.111845381199758,183759
2003-03-09,36.321,17.503,0.0,0.139830696373729,183759
2003-03-10,36.36,19.19,0.0,0.214379668490562,183759
2003-03-11,35.426,19.673,0.0,0.165400610631837,183759
2003-03-12,35.941,21.089,0.0,0.204827088793464,183759
2003-03-13,35.955,20.895,0.0102996864,0.230472733875386,183759
2003-03-14,33.059,25.182,1.3938906456,0.411605401628387,183759
2003-03-15,31.938,22.909,0.257492304,0.459198195009554,183759
2003-03-16,35.102,22.78,0.0,0.168976096818725,183759
2003-03-17,37.173,19.804,0.0,0.174675146808612,183759
2003-03-18,35.901,18.075,0.0,0.212132348535001,183759
2003-03-19,35.603,19.213,0.0,0.260213698360034,183759
2003-03-20,37.399,22.083,0.0,0.332717959321178,183759
2003-03-21,34.469,23.928,0.096130368,0.331133360784143,183759
2003-03-22,36.666,21.612,0.0,0.295244483960174,183759
2003-03-23,36.603,25.818,0.0,0.249449989513918,183759
2003-03-24,40.79,25.44,0.0,0.2167973024407,183759
2003-03-25,33.738,27.136,0.3536224632,0.241874974477831,183759
2003-03-26,38.626,23.64,0.0635147064,0.267438416817148,183759
2003-03-27,40.648,21.976,0.0,0.154850280123312,183759
2003-03-28,38.376,21.908,0.0,0.10976515964391,183759
2003-03-29,39.065,22.732,0.0,0.127655445403574,183759
2003-03-30,39.324,21.9,0.0,0.135335775495855,183759
2003-03-31,37.861,23.503,0.0,0.201192770181513,183759
2003-04-01,38.728,22.349,0.0,0.147992731934651,183759
2003-04-02,41.011,23.007,0.0,0.151267174949816,183759
2003-04-03,39.042,23.37,0.0,0.190913296502004,183759
2003-04-04,38.086,21.975,0.0,0.26319872955203,183759
2003-04-05,36.999,20.922,0.0,0.277729816924835,183759
2003-04-06,38.954,22.913,0.0,0.29420808179347,183759
2003-04-07,37.63,24.644,0.24032592,0.23973168201762,183759
2003-04-08,40.694,24.85,1.85050908,0.286011007807424,183759
2003-04-09,40.117,25.045,0.0,0.215730427521784,183759
2003-04-10,34.97,28.577,0.0,0.289910320620349,183759
2003-04-11,39.37,23.99,0.0,0.285079513694318,183759
2003-04-12,39.174,26.695,0.0,0.245794068944211,183759
2003-04-13,39.652,25.393,0.0,0.197590925583202,183759
2003-04-14,39.818,25.086,0.308990376,0.219932846350639,183759
2003-04-15,40.197,27.134,0.0,0.171160990460368,183759
2003-04-16,40.73,24.729,0.0,0.146499946393158,183759
2003-04-17,42.442,26.357,0.0,0.151992164223864,183759
2003-04-18,42.382,28.072,0.0,0.164728414404645,183759
2003-04-19,40.128,25.642,0.0,0.209849733759484,183759
2003-04-20,41.367,24.881,0.0,0.161927109265623,183759
2003-04-21,43.766,25.03,0.0,0.139825726868529,183759
2003-04-22,44.116,29.388,0.0,0.195750851019667,183759
2003-04-23,42.226,29.401,0.0,0.187111391837636,183759
2003-04-24,42.644,27.879,0.0,0.147961794988338,183759
2003-04-25,44.321,25.327,0.0,0.109373697091555,183759
2003-04-26,41.024,29.078,0.0,0.148182973313907,183759
2003-04-27,39.078,29.273,0.0,0.171587394460679,183759
2003-04-28,40.055,28.976,0.0,0.159966140958677,183759
2003-04-29,40.454,29.22,0.0,0.156418455805009,183759
2003-04-30,39.442,28.787,0.0,0.208406299888213,183759
2003-05-01,44.064,27.732,0.0,0.201100130847981,183759
2003-05-02,41.932,26.299,0.0,0.184684758439043,183759
2003-05-03,40.763,25.999,0.0,0.16598724606927,183759
2003-05-04,40.969,25.479,0.0,0.209253522037508,183759
2003-05-05,40.505,24.588,0.0,0.223937126799533,183759
2003-05-06,39.977,23.934,0.0,0.147888467630749,183759
2003-05-07,39.508,23.387,0.0,0.163147611516302,183759
2003-05-08,40.042,24.761,0.0,0.189690208028367,183759
2003-05-09,41.195,26.94,0.0,0.185024744303494,183759
2003-05-10,41.693,29.749,0.0,0.119015707482203,183759
2003-05-11,42.259,25.776,0.0,0.0815870832743656,183759
2003-05-12,41.599,25.548,0.0,0.0764562107706213,183759
2003-05-13,42.434,25.72,0.0,0.118049420831831,183759
2003-05-14,42.267,26.965,0.0,0.169006217399302,183759
2003-05-15,41.783,29.683,0.0,0.168438180372792,183759
2003-05-16,42.381,27.314,0.0,0.179997702966153,183759
2003-05-17,42.146,27.386,0.0,0.207657211603104,183759
2003-05-18,40.63,25.876,0.0,0.216464602572806,183759
2003-05-19,39.062,24.913,0.0,0.311326023790798,183759
2003-05-20,40.289,26.35,0.0,0.269475085027115,183759
2003-05-21,40.507,26.5,0.0,0.298302458173822,183759
2003-05-22,40.603,26.952,0.0,0.316278452532614,183759
2003-05-23,40.121,23.657,0.0,0.255718289720158,183759
2003-05-24,40.612,24.706,0.0,0.314586384872028,183759
2003-05-25,40.693,25.55,0.0,0.260915937068917,183759
2003-05-26,40.037,25.786,0.0,0.258656787804558,183759
2003-05-27,39.63,26.589,0.0,0.248002559555961,183759
2003-05-28,38.556,24.754,0.0,0.291152744561169,183759
2003-05-29,40.408,25.514,0.0,0.329275694732825,183759
2003-05-30,41.04,25.498,0.0034332264,0.367031501811283,183759
2003-05-31,37.641,28.267,1.603317132,0.395653025717352,183759
2003-06-01,40.764,27.392,0.0,0.205982580723928,183759
2003-06-02,42.033,27.431,0.0,0.191818588098028,183759
2003-06-03,41.642,26.292,0.0,0.218658542026099,183759
2003-06-04,42.278,28.238,0.0,0.254590785147218,183759
2003-06-05,41.427,26.142,0.0,0.295769085990672,183759
2003-06-06,40.348,25.956,0.0,0.364028827832106,183759
2003-06-07,39.858,25.233,0.0,0.347904750726998,183759
2003-06-08,40.62,26.825,0.00686646,0.33060653854719,183759
2003-06-09,39.913,27.306,0.00686646,0.378637291836548,183759
2003-06-10,36.965,26.72,1.9741059,0.445860767055726,183759
2003-06-11,38.527,26.649,0.72784404,0.465324235114721,183759
2003-06-12,35.562,25.197,0.7106777064,0.539364042482391,183759
2003-06-13,36.244,24.496,6.2313096168,0.589716014165779,183759
2003-06-14,34.664,24.406,4.83054696,0.580331370930531,183759
2003-06-15,34.779,24.493,12.6617473728,0.603244489285434,183759
2003-06-16,31.119,23.667,8.838839016,0.680153653677594,183759
2003-06-17,32.881,23.164,9.5718413592,0.66703590670481,183759
2003-06-18,31.943,23.387,0.7621761168,0.643568221316561,183759
2003-06-19,28.922,23.508,1.0883329488,0.672943169190654,183759
2003-06-20,25.694,22.859,11.315916792,0.828322863237906,183759
2003-06-21,30.936,22.672,6.907655196,0.734434518834817,183759
2003-06-22,27.717,22.737,75.6236990304,0.81287798169339,183759
2003-06-23,24.92,22.055,49.7972484,0.877129880318118,183759
2003-06-24,30.003,22.663,7.5531018744,0.753003030872446,183759
2003-06-25,30.269,22.878,3.124237104,0.704094107449187,183759
2003-06-26,32.325,22.442,1.9981385064,0.654631363928927,183759
2003-06-27,33.072,22.735,3.1877515368,0.630585111264009,183759
2003-06-28,30.26,23.699,5.7678255288,0.681730820927061,183759
2003-06-29,30.976,22.547,2.063370168,0.67194904207332,183759
2003-06-30,28.955,22.813,6.015015684,0.717317106117023,183759
2003-07-01,30.676,22.758,7.232090904,0.686626171431438,183759
2003-07-02,32.068,23.129,15.60745116,0.685592233709276,183759
2003-07-03,28.258,22.409,1.9440669024,0.733596714857031,183759
2003-07-04,30.437,22.888,21.267149616,0.745671671807152,183759
2003-07-05,30.131,22.702,19.9298718,0.779156931073952,183759
2003-07-06,26.674,22.139,7.187465556,0.790593854790846,183759
2003-07-07,30.304,22.48,0.8050929048,0.70555140912772,183759
2003-07-08,27.378,22.583,9.4808591784,0.760370665697371,183759
2003-07-09,30.58,22.754,14.1449001552,0.731567836284769,183759
2003-07-10,26.163,22.205,24.9827697864,0.860673516284055,183759
2003-07-11,30.932,21.951,7.520483952,0.754365596700206,183759
2003-07-12,29.588,22.388,3.9619431576,0.774496093386637,183759
2003-07-13,30.775,22.269,3.1002036768,0.738172947328059,183759
2003-07-14,28.756,22.765,1.0265354064,0.743943707677768,183759
2003-07-15,28.736,22.087,4.68979038,0.75679360291081,183759
2003-07-16,26.124,21.874,4.947281784,0.822851360057005,183759
2003-07-17,27.932,21.566,8.189961768,0.793953362372471,183759
2003-07-18,29.836,22.232,10.9571461992,0.74481579466239,183759
2003-07-19,24.524,22.112,5.618476728,0.846737681851368,183759
2003-07-20,29.086,22.163,4.470063588,0.784522124352878,183759
2003-07-21,29.043,22.254,5.36270436,0.760832684090299,183759
2003-07-22,30.331,22.64,11.193174612,0.731447443600623,183759
2003-07-23,30.302,22.611,3.9207457368,0.714602714062828,183759
2003-07-24,28.414,23.075,2.7568818648,0.726906729167832,183759
2003-07-25,28.634,23.255,0.4823686368,0.738943607632254,183759
2003-07-26,25.682,22.853,5.858804232,0.808707990886042,183759
2003-07-27,26.253,22.356,6.14547918,0.830269618362088,183759
2003-07-28,28.993,22.572,2.2427574264,0.790705509453631,183759
2003-07-29,30.618,22.092,4.1868217224,0.750105786865179,183759
2003-07-30,31.768,22.437,3.436658388,0.70391203960259,183759
2003-07-31,31.524,22.678,6.8793284664,0.700367275016253,183759
2003-08-01,31.081,23.093,8.8637389128,0.722578207100738,183759
2003-08-02,30.963,22.203,15.67440072,0.714849617099344,183759
2003-08-03,31.74,22.092,4.6554591528,0.67748472215354,183759
2003-08-04,27.808,22.116,4.04262828,0.714821610626613,183759
2003-08-05,31.939,22.907,2.743149852,0.679774449020328,183759
2003-08-06,30.158,23.63,2.434158504,0.674890325689027,183759
2003-08-07,28.796,22.907,2.135470968,0.702448131883051,183759
2003-08-08,30.305,22.788,3.536224236,0.721874098040944,183759
2003-08-09,26.904,21.914,4.1988370176,0.805438540936526,183759
2003-08-10,29.294,22.158,0.6248476872,0.767879269354768,183759
2003-08-11,32.094,22.129,0.1785276936,0.693405809551567,183759
2003-08-12,30.255,23.01,1.500320232,0.710228860259498,183759
2003-08-13,32.014,22.38,9.3349474128,0.686837712192372,183759
2003-08-14,31.01,21.951,13.5681246,0.721805742891633,183759
2003-08-15,31.045,22.345,10.44045216,0.704201720103743,183759
2003-08-16,30.612,22.488,11.3056182,0.713116192300286,183759
2003-08-17,33.777,21.564,3.37143114,0.662105027555548,183759
2003-08-18,30.01,23.027,1.0334024064,0.657667919016962,183759
2003-08-19,28.101,23.155,2.2762303848,0.690055478005177,183759
2003-08-20,26.703,22.585,2.528572644,0.716986666422164,183759
2003-08-21,30.158,22.706,13.736343168,0.730870627396731,183759
2003-08-22,27.567,22.404,18.22699692,0.851031358756225,183759
2003-08-23,23.945,21.838,44.3624364,0.942653815197404,183759
2003-08-24,27.29,20.709,5.086326168,0.829765981563508,183759
2003-08-25,27.753,20.655,0.2265930576,0.805635280575569,183759
2003-08-26,29.621,21.354,0.6248473704,0.75644573865868,183759
2003-08-27,30.468,22.13,2.3174279208,0.721829072297869,183759
2003-08-28,24.613,21.745,6.193537884,0.820741935714237,183759
2003-08-29,27.886,21.352,9.8756861112,0.829071391366247,183759
2003-08-30,28.837,21.079,2.70195138,0.776951182895958,183759
2003-08-31,28.948,21.599,1.7578138824,0.772944760690624,183759
2003-09-01,29.569,21.34,2.3860929384,0.763887202112966,183759
2003-09-02,29.724,21.505,1.4093394768,0.733953540751195,183759
2003-09-03,29.629,21.453,2.918243772,0.731190207545343,183759
2003-09-04,29.599,21.708,1.314926712,0.736486037863442,183759
2003-09-05,28.516,21.916,5.9034385584,0.757268825334661,183759
2003-09-06,29.238,21.881,9.0208040544,0.771085621197247,183759
2003-09-07,30.657,20.924,1.0222440984,0.727101771845887,183759
2003-09-08,31.443,21.446,0.2875328208,0.678622251342296,183759
2003-09-09,32.36,20.333,0.014591232,0.595180920214072,183759
2003-09-10,32.152,19.866,2.1062844,0.63372496167273,183759
2003-09-11,27.609,20.855,0.767326356,0.725181679460231,183759
2003-09-12,32.153,20.621,0.6025316184,0.644820183747962,183759
2003-09-13,30.699,21.243,10.476496728,0.702239016199394,183759
2003-09-14,30.943,20.083,2.4753566304,0.690684970208773,183759
2003-09-15,32.798,20.793,0.034332264,0.598314641392136,183759
2003-09-16,33.229,21.96,0.508117644,0.58783265675646,183759
2003-09-17,33.835,21.259,0.042915348,0.525556064050727,183759
2003-09-18,33.507,22.436,0.159645168,0.547261726160032,183759
2003-09-19,32.366,22.062,2.0865438792,0.603236084105283,183759
2003-09-20,33.46,21.632,6.804652608,0.662414292114331,183759
2003-09-21,28.997,22.171,7.027819704,0.793217955725015,183759
2003-09-22,30.434,20.882,7.812306576,0.764283665788764,183759
2003-09-23,32.576,20.855,6.8372733456,0.758463357912255,183759
2003-09-24,27.733,21.528,5.43823812,0.791255845719201,183759
2003-09-25,22.549,20.827,12.92953752,0.918437480047004,183759
2003-09-26,27.621,22.255,35.82916236,0.882005113596889,183759
2003-09-27,23.484,22.435,80.1211968,0.950049980907996,183759
2003-09-28,28.238,21.271,14.793785388,0.840668334376973,183759
2003-09-29,29.417,20.437,0.9698866992,0.795615054969135,183759
2003-09-30,30.216,20.491,13.4153361864,0.79125912997281,183759
2003-10-01,31.261,22.186,12.62226312,0.800529023022845,183759
2003-10-02,30.796,21.729,17.17300926,0.838008794152922,183759
2003-10-03,31.981,21.598,0.0,0.674070068611232,183759
2003-10-04,31.542,22.182,0.0205993728,0.575940632216878,183759
2003-10-05,31.949,19.906,0.0,0.573365913893009,183759
2003-10-06,30.554,21.297,10.419849324,0.77651586955539,183759
2003-10-07,30.596,21.445,9.151265268,0.799318223502773,183759
2003-10-08,31.276,20.801,1.97238924,0.729846032645526,183759
2003-10-09,30.082,21.871,1.8402098616,0.718594351234443,183759
2003-10-10,30.191,20.399,0.0,0.668764528802477,183759
2003-10-11,33.259,18.747,0.0,0.509281529760673,183759
2003-10-12,33.001,18.974,0.0,0.424989677357868,183759
2003-10-13,32.882,20.255,0.0,0.437613194536029,183759
2003-10-14,32.807,18.853,0.0,0.440562643130472,183759
2003-10-15,32.453,19.467,0.0,0.426908789543003,183759
2003-10-16,31.757,17.339,0.0,0.313157765505089,183759
2003-10-17,33.933,16.245,0.0,0.416223834213854,183759
2003-10-18,33.465,19.243,0.0,0.481096059154858,183759
2003-10-19,33.754,20.022,0.0,0.600260025164405,183759
2003-10-20,33.867,23.302,0.0,0.523013206729849,183759
2003-10-21,32.868,19.786,0.0,0.496415738740878,183759
2003-10-22,32.852,19.445,0.0,0.503906481373964,183759
2003-10-23,31.309,19.85,0.37937178,0.662911963837567,183759
2003-10-24,31.543,17.408,0.03948228,0.383618068630119,183759
2003-10-25,32.46,14.425,0.0,0.360789678817079,183759
2003-10-26,31.754,13.37,0.0,0.333679436405331,183759
2003-10-27,30.354,15.713,0.0,0.416247251253221,183759
2003-10-28,30.709,15.701,0.0,0.496950507182346,183759
2003-10-29,28.514,19.484,1.42822224,0.665907601890502,183759
2003-10-30,32.277,21.023,0.4222871424,0.670777039130318,183759
2003-10-31,31.419,20.695,5.7472224624,0.672301656300256,183759
2003-11-01,31.997,20.002,0.673771572,0.594139210038414,183759
2003-11-02,31.594,22.416,0.43945272,0.528903214593727,183759
2003-11-03,32.713,21.695,0.0,0.456796121169579,183759
2003-11-04,31.934,19.944,0.0,0.48968276118875,183759
2003-11-05,30.907,19.28,0.0,0.376375725760601,183759
2003-11-06,31.728,16.2,0.0,0.335079469458572,183759
2003-11-07,32.272,15.182,0.0,0.343231856856256,183759
2003-11-08,31.444,17.093,0.0,0.363951349504909,183759
2003-11-09,29.747,19.492,0.0,0.400692030851355,183759
2003-11-10,31.935,16.686,0.0,0.393721814048551,183759
2003-11-11,31.44,16.846,0.0,0.404399088545664,183759
2003-11-12,30.691,15.584,0.0,0.435640838326232,183759
2003-11-13,30.021,17.292,0.0,0.434687529574871,183759
2003-11-14,31.693,16.249,0.0,0.465229950171776,183759
2003-11-15,31.844,21.122,0.0137329056,0.504899538115954,183759
2003-11-16,28.21,19.169,0.0034332264,0.524344877553,183759
2003-11-17,32.551,20.711,0.0,0.396608847385423,183759
2003-11-18,32.306,17.841,0.0,0.392738967355524,183759
2003-11-19,31.497,17.995,0.0,0.341194746666437,183759
2003-11-20,32.109,15.968,0.0,0.363514064461038,183759
2003-11-21,31.426,15.59,0.0,0.414068032064794,183759
2003-11-22,32.058,15.909,0.0,0.389999623949018,183759
2003-11-23,31.509,15.725,0.0,0.379840703682869,183759
2003-11-24,31.606,16.439,0.0,0.471523934370719,183759
2003-11-25,31.21,16.288,0.0,0.409855262316425,183759
2003-11-26,31.082,14.858,0.0,0.378199948676702,183759
2003-11-27,30.937,14.641,0.0,0.364386350295186,183759
2003-11-28,31.145,14.945,0.0,0.445159831173626,183759
2003-11-29,31.752,15.53,0.0,0.401671510241092,183759
2003-11-30,31.394,17.284,0.0,0.455818313362873,183759
2003-12-01,31.19,17.943,0.0,0.461605260496585,183759
2003-12-02,30.692,17.224,0.0,0.452703362000184,183759
2003-12-03,30.106,17.794,0.0,0.340798255229658,183759
2003-12-04,30.142,14.638,0.0,0.33089885282676,183759
2003-12-05,30.226,13.796,0.0,0.314793296239287,183759
2003-12-06,29.928,12.779,0.0,0.26885162826208,183759
2003-12-07,30.003,12.441,0.0,0.266842032205165,183759
2003-12-08,30.995,13.232,0.0,0.295200604571221,183759
2003-12-09,30.609,13.911,0.0,0.289946842310957,183759
2003-12-10,30.685,14.033,0.0,0.310171705584378,183759
2003-12-11,30.257,15.399,0.0,0.379012159000367,183759
2003-12-12,29.901,15.23,0.0,0.46246104872098,183759
2003-12-13,30.517,14.991,0.0,0.445316499171158,183759
2003-12-14,30.636,14.616,0.0,0.339996331237271,183759
2003-12-15,30.156,15.268,0.0,0.287624509021695,183759
2003-12-16,29.484,14.081,0.0,0.273488592906279,183759
2003-12-17,28.356,12.711,0.0,0.307665085698027,183759
2003-12-18,29.172,12.808,0.0,0.379133390400914,183759
2003-12-19,29.423,13.892,0.0,0.349178942123612,183759
2003-12-20,28.179,14.155,0.0,0.335823229301059,183759
2003-12-21,28.112,14.568,0.0,0.324894280781047,183759
2003-12-22,27.881,14.064,0.0,0.298582467914245,183759
2003-12-23,27.48,13.142,0.0,0.395973126548656,183759
2003-12-24,27.916,14.567,0.0,0.343625673234684,183759
2003-12-25,29.209,15.043,0.0,0.310378282738864,183759
2003-12-26,29.394,16.425,0.3072740904,0.540288786831427,183759
2003-12-27,24.457,17.283,1.9183156632,0.739116378042851,183759
2003-12-28,28.657,14.229,0.0,0.52412433666219,183759
2003-12-29,28.807,15.579,0.0,0.539260757063407,183759
2003-12-30,29.101,15.008,0.0,0.425732022157508,183759
2003-12-31,29.04,14.549,0.0,0.363019808892789,183759
2004-01-01,30.018,13.613,0.0,0.280654465110796,183759
2004-01-02,29.299,13.909,0.0,0.347584717926314,183759
2004-01-03,29.669,14.414,0.0,0.385402428675236,183759
2004-01-04,28.851,15.006,0.0,0.420356473070364,183759
2004-01-05,28.444,15.368,0.0,0.457916959324358,183759
2004-01-06,26.848,15.602,0.0,0.470133051283866,183759
2004-01-07,23.661,17.494,0.4428860256,0.521999747940407,183759
2004-01-08,28.744,15.063,0.0,0.434810239144803,183759
2004-01-09,29.013,13.598,0.0,0.27143028353659,183759
2004-01-10,27.969,13.401,0.0,0.252837435540883,183759
2004-01-11,29.068,13.27,0.0,0.222088425318232,183759
2004-01-12,28.915,13.362,0.0,0.270182715226472,183759
2004-01-13,30.403,13.547,0.0,0.237255136679314,183759
2004-01-14,31.545,12.925,0.0,0.202693193870502,183759
2004-01-15,31.218,14.565,0.0,0.227976974460543,183759
2004-01-16,31.087,15.648,0.0,0.316097131916109,183759
2004-01-17,30.768,15.289,0.0,0.329052150549858,183759
2004-01-18,30.159,13.983,0.0,0.307547447293455,183759
2004-01-19,31.237,14.484,0.0,0.282320378690239,183759
2004-01-20,30.607,15.718,0.0,0.301225627516841,183759
2004-01-21,30.328,17.844,0.0,0.351905558010524,183759
2004-01-22,27.28,20.444,0.341606268,0.512915758107644,183759
2004-01-23,28.592,17.738,0.7158280536,0.548718131308272,183759
2004-01-24,29.233,15.793,0.0034332264,0.55628135457702,183759
2004-01-25,29.926,16.333,0.0,0.540662648681049,183759
2004-01-26,28.298,17.888,0.097846956,0.618837564142722,183759
2004-01-27,29.146,16.238,0.0,0.515803486875024,183759
2004-01-28,27.439,17.334,1.50032052,0.544375988206934,183759
2004-01-29,29.98,16.689,0.8720405928,0.561966288426622,183759
2004-01-30,30.457,15.321,0.0,0.371131962241718,183759
2004-01-31,28.437,18.854,0.0,0.434796283773039,183759
2004-02-01,29.915,16.817,0.0,0.327878784781327,183759
2004-02-02,29.228,17.204,0.0034332264,0.514639382614594,183759
2004-02-03,22.321,18.235,0.0480651624,0.731110347630455,183759
2004-02-04,29.545,13.854,0.0,0.637297966117959,183759
2004-02-05,30.986,18.275,0.0,0.366016239436271,183759
2004-02-06,29.679,16.917,0.0,0.150560674088632,183759
2004-02-07,28.94,13.987,0.0,0.153542999717037,183759
2004-02-08,29.822,13.952,0.0,0.180930215541291,183759
2004-02-09,30.793,13.529,0.0,0.210740326657883,183759
2004-02-10,31.757,15.58,0.0,0.290515334339544,183759
2004-02-11,31.676,17.58,0.0,0.361855280476801,183759
2004-02-12,31.916,19.15,0.0,0.312192724097701,183759
2004-02-13,31.084,18.201,0.0,0.346371044079626,183759
2004-02-14,30.866,18.957,0.0,0.306759908158097,183759
2004-02-15,31.617,16.396,0.0,0.263899579043671,183759
2004-02-16,32.332,16.583,0.0,0.279154702698996,183759
2004-02-17,32.669,17.464,0.0,0.263443541189586,183759
2004-02-18,32.705,17.507,0.0,0.24028957854082,183759
2004-02-19,33.716,17.993,0.0,0.276845125341305,183759
2004-02-20,33.817,17.373,0.0,0.208879214633842,183759
2004-02-21,34.437,18.88,0.0,0.18699293300889,183759
2004-02-22,34.583,19.082,0.0,0.180331313854784,183759
2004-02-23,35.449,17.648,0.0,0.165257334875229,183759
2004-02-24,35.559,18.122,0.0,0.176500685761142,183759
2004-02-25,35.393,18.135,0.0,0.181392980049656,183759
2004-02-26,36.574,19.294,0.0,0.163896481212638,183759
2004-02-27,35.553,17.974,0.0,0.181849416233108,183759
2004-02-28,35.547,19.47,0.0,0.197330220113822,183759
2004-02-29,36.545,19.976,0.0,0.218305993928039,183759
2004-03-01,37.072,19.777,0.0,0.199061414362113,183759
2004-03-02,36.124,20.795,0.0,0.176842930931344,183759
2004-03-03,37.025,21.809,0.0,0.150424261269464,183759
2004-03-04,36.934,20.667,0.0,0.14885641356089,183759
2004-03-05,36.574,20.483,0.0,0.160696127751929,183759
2004-03-06,37.567,19.18,0.0,0.188122822527526,183759
2004-03-07,38.168,22.756,0.0,0.112187528138466,183759
2004-03-08,35.932,20.622,0.0,0.0640556146077336,183759
2004-03-09,34.748,19.367,0.0,0.179626710424327,183759
2004-03-10,35.79,19.221,0.0,0.273154871859311,183759
2004-03-11,37.676,19.64,0.0,0.226132584103459,183759
2004-03-12,38.194,20.748,0.0,0.196976253415466,183759
2004-03-13,37.385,21.119,0.0,0.170347266135351,183759
2004-03-14,37.842,21.545,0.0,0.159374135178713,183759
2004-03-15,39.368,21.222,0.0,0.159316377398105,183759
2004-03-16,38.667,19.305,0.0,0.15481608903588,183759
2004-03-17,39.203,21.058,0.0,0.114847516326971,183759
2004-03-18,40.163,20.427,0.0,0.11024480479966,183759
2004-03-19,39.663,22.144,0.0,0.0780261086949665,183759
2004-03-20,39.702,23.239,0.0,0.0842901202971163,183759
2004-03-21,41.784,22.905,0.0,0.088061566676295,183759
2004-03-22,41.938,23.747,0.0,0.119021256843902,183759
2004-03-23,40.308,24.947,0.0,0.132869403419877,183759
2004-03-24,40.215,24.86,0.0,0.149376324851096,183759
2004-03-25,39.211,23.697,0.0,0.124387325069378,183759
2004-03-26,36.434,22.325,0.0,0.140755923313599,183759
2004-03-27,37.76,23.82,0.0,0.151297806832133,183759
2004-03-28,37.836,24.624,0.0,0.221287202553154,183759
2004-03-29,36.577,26.577,0.0,0.285830889849481,183759
2004-03-30,37.772,26.781,0.0,0.216022637273785,183759
2004-03-31,39.36,26.231,0.0,0.196154181494758,183759
2004-04-01,37.831,26.643,0.024032592,0.251497253165835,183759
2004-04-02,37.239,26.284,0.0343323,0.222002025254345,183759
2004-04-03,38.339,23.803,0.0549316368,0.23842574727573,183759
2004-04-04,37.597,27.589,0.0,0.221302776471004,183759
2004-04-05,38.695,25.467,0.0,0.244121686965896,183759
2004-04-06,41.098,24.365,0.0,0.181580229212538,183759
2004-04-07,38.258,23.46,0.0,0.152138796827146,183759
2004-04-08,38.364,21.476,0.0,0.162423585928681,183759
2004-04-09,38.005,22.083,0.0,0.219587110185725,183759
2004-04-10,39.058,22.349,0.0,0.25269063185405,183759
2004-04-11,42.284,22.355,0.0,0.174030304217862,183759
2004-04-12,42.873,25.942,0.0,0.159340977047899,183759
2004-04-13,41.679,26.508,0.0,0.1590572743147,183759
2004-04-14,40.442,25.048,0.0,0.176441286110782,183759
2004-04-15,40.964,25.503,0.0,0.185108669906812,183759
2004-04-16,40.813,24.025,0.0,0.168029276313779,183759
2004-04-17,40.891,23.709,0.0,0.219628660312768,183759
2004-04-18,40.025,23.603,0.0,0.165460784753716,183759
2004-04-19,39.23,22.554,0.0,0.186447526677529,183759
2004-04-20,43.609,24.835,0.0,0.214440011955748,183759
2004-04-21,41.532,28.076,0.075531024,0.233850482325683,183759
2004-04-22,40.856,27.992,0.145054008,0.219322939305381,183759
2004-04-23,39.301,24.789,0.0,0.206686973074391,183759
2004-04-24,40.167,24.509,0.0,0.206383962839377,183759
2004-04-25,36.904,26.696,0.0,0.315912734358395,183759
2004-04-26,39.483,27.583,0.0411987168,0.27433172293433,183759
2004-04-27,40.994,26.946,0.0034332264,0.202429520414269,183759
2004-04-28,40.981,25.27,0.0,0.198038141663924,183759
2004-04-29,42.93,26.456,0.0,0.204666354474879,183759
2004-04-30,38.279,28.508,0.0446319432,0.247674230533771,183759
2004-05-01,41.675,29.31,0.054931644,0.248575685580557,183759
2004-05-02,40.045,26.66,0.0,0.235854866715967,183759
2004-05-03,38.941,27.669,0.0,0.297287074229305,183759
2004-05-04,39.923,27.136,0.411987024,0.352985833300367,183759
2004-05-05,32.752,23.935,0.616264344,0.469374030506228,183759
2004-05-06,35.142,25.522,14.6324125728,0.529692856265031,183759
2004-05-07,35.617,25.602,15.0615675864,0.532438007241756,183759
2004-05-08,34.869,24.413,6.540295032,0.525098909253931,183759
2004-05-09,40.013,25.335,1.558685844,0.431354136723119,183759
2004-05-10,38.461,25.774,9.39331224,0.45307194195833,183759
2004-05-11,38.738,25.78,1.3097753928,0.479124019744224,183759
2004-05-12,32.331,25.551,6.2107050816,0.584961448435752,183759
2004-05-13,36.605,25.127,3.179169864,0.522178514129832,183759
2004-05-14,35.727,24.853,8.0852499504,0.557667348894984,183759
2004-05-15,30.946,23.271,64.31463288,0.735117452559631,183759
2004-05-16,27.614,24.041,28.98330192,0.812567018468846,183759
2004-05-17,27.569,23.168,23.41117926,0.828556017193485,183759
2004-05-18,27.125,22.04,15.751647108,0.824038351866369,183759
2004-05-19,34.517,22.906,5.9017184208,0.666507528067701,183759
2004-05-20,35.428,22.31,0.600816384,0.560939242627487,183759
2004-05-21,36.565,22.196,0.010299672,0.486508459770376,183759
2004-05-22,37.573,22.477,0.0,0.415782841077913,183759
2004-05-23,37.886,22.94,0.0,0.373433481932298,183759
2004-05-24,37.527,24.083,0.0,0.38134130552126,183759
2004-05-25,38.853,24.724,0.0,0.292916305950962,183759
2004-05-26,39.256,24.24,0.0,0.295562045200388,183759
2004-05-27,39.869,25.125,0.0,0.282354818003714,183759
2004-05-28,39.974,26.284,0.0,0.242262401593948,183759
2004-05-29,40.1,27.816,0.0,0.251005422639533,183759
2004-05-30,37.615,27.878,0.00686646,0.304408321863346,183759
2004-05-31,42.921,27.346,0.7965087264,0.353232374301777,183759
2004-06-01,39.202,28.183,2.13203556,0.382244790746389,183759
2004-06-02,39.557,27.504,0.254058912,0.36494952305717,183759
2004-06-03,37.672,26.5,0.97503822,0.468669811218458,183759
2004-06-04,28.41,24.602,18.031313052,0.67893412083882,183759
2004-06-05,36.714,24.143,33.65251632,0.640440210952589,183759
2004-06-06,36.73,24.21,8.459478,0.613053816210375,183759
2004-06-07,38.245,24.809,0.98876952,0.539633901044407,183759
2004-06-08,33.857,24.477,0.171661464,0.552388340544608,183759
2004-06-09,32.151,23.084,1.4471053128,0.631688694703424,183759
2004-06-10,31.346,23.229,1.8848413656,0.6640247838381,183759
2004-06-11,30.687,22.219,0.86517324,0.667205374773475,183759
2004-06-12,28.054,22.762,4.2125714424,0.709391089744583,183759
2004-06-13,24.688,22.203,61.95948696,0.885965356354697,183759
2004-06-14,29.881,21.729,15.58170288,0.814641812959454,183759
2004-06-15,25.137,22.73,4.01687568,0.850819474905041,183759
2004-06-16,25.608,23.037,5.38158744,0.83165177091002,183759
2004-06-17,24.745,22.303,3.14140464,0.840905330096624,183759
2004-06-18,23.116,20.838,2.8427124384,0.822744033711589,183759
2004-06-19,30.714,20.632,0.0995636376,0.707794619812239,183759
2004-06-20,31.372,21.336,0.0789642288,0.669989420399189,183759
2004-06-21,33.802,21.579,0.0137329056,0.616969309455525,183759
2004-06-22,32.888,23.151,0.2025603504,0.627613178129489,183759
2004-06-23,35.061,22.283,0.87547338,0.58021776190924,183759
2004-06-24,34.714,22.524,0.164794788,0.548269916535666,183759
2004-06-25,30.996,23.127,12.4969503384,0.64472757320098,183759
2004-06-26,34.2,22.071,2.48909094,0.581796460833636,183759
2004-06-27,31.8,22.348,10.75286556,0.636004987028602,183759
2004-06-28,31.462,22.771,7.535935548,0.663051807670237,183759
2004-06-29,32.602,22.137,0.793076544,0.591947082741869,183759
2004-06-30,33.379,22.372,3.038406444,0.578344537834089,183759
2004-07-01,31.596,23.405,11.5365059928,0.619041194741735,183759
2004-07-02,26.799,23.944,4.529289996,0.714980339622761,183759
2004-07-03,32.096,23.106,18.3025360368,0.716772500942396,183759
2004-07-04,28.268,22.774,11.57512536,0.794068732548877,183759
2004-07-05,28.824,22.129,14.41097352,0.831775448947367,183759
2004-07-06,30.727,21.965,9.6490899864,0.731179884133564,183759
2004-07-07,28.384,21.911,1.7955773424,0.730694704465364,183759
2004-07-08,34.102,22.149,0.097847172,0.625617892610549,183759
2004-07-09,33.448,22.639,3.2976166248,0.62856372862928,183759
2004-07-10,32.645,22.973,1.54838736,0.626400700307543,183759
2004-07-11,31.956,23.018,7.7831222904,0.654461794244195,183759
2004-07-12,28.629,22.359,8.11100088,0.77363173950291,183759
2004-07-13,29.416,21.124,8.378790552,0.761948693709916,183759
2004-07-14,30.322,21.413,3.90701304,0.758115785423361,183759
2004-07-15,29.056,21.734,6.641582868,0.788797244725612,183759
2004-07-16,30.004,22.447,4.5747730656,0.771384049848678,183759
2004-07-17,31.079,22.845,14.5225491912,0.775744073053945,183759
2004-07-18,30.989,22.089,6.19869348,0.737255318622544,183759
2004-07-19,31.759,21.89,2.919956364,0.706188630651657,183759
2004-07-20,34.774,22.274,4.99878144,0.658165337322271,183759
2004-07-21,31.891,22.272,21.467958192,0.728901831469264,183759
2004-07-22,30.263,21.982,12.539002068,0.714865964236706,183759
2004-07-23,29.896,21.31,11.2318064424,0.728784955651989,183759
2004-07-24,31.708,21.234,10.25161848,0.689771673030234,183759
2004-07-25,24.293,21.88,41.05449882,0.875120200075477,183759
2004-07-26,23.124,21.086,7.4732774832,0.898039557962257,183759
2004-07-27,24.801,20.37,4.5387262728,0.859883451424301,183759
2004-07-28,24.702,20.926,9.801003852,0.871024448342676,183759
2004-07-29,22.067,21.016,70.7862384,0.943124811487885,183759
2004-07-30,23.784,20.565,25.9861086,0.918183727543096,183759
2004-07-31,25.545,19.822,7.78055724,0.880076167895026,183759
2004-08-01,24.793,20.403,4.0563607824,0.874607060858496,183759
2004-08-02,22.868,21.43,20.883465108,0.923116041786373,183759
2004-08-03,25.315,21.083,7.560827568,0.904539892995549,183759
2004-08-04,26.11,21.4,9.0336868128,0.88207934250562,183759
2004-08-05,25.547,21.343,4.498390836,0.87767820624731,183759
2004-08-06,26.153,20.905,0.4068376416,0.824238356794298,183759
2004-08-07,25.745,21.417,2.3895263808,0.824148358702889,183759
2004-08-08,26.514,21.306,2.0238878664,0.819545240402005,183759
2004-08-09,25.596,21.981,3.4787187,0.835691289784252,183759
2004-08-10,25.488,21.719,8.46119178,0.851242502613084,183759
2004-08-11,23.09,21.152,18.1403135856,0.896803260400235,183759
2004-08-12,26.801,20.942,1.4986062648,0.832455346448636,183759
2004-08-13,26.032,21.334,1.4153484888,0.84182543571144,183759
2004-08-14,26.149,21.826,0.992202876,0.835145131636489,183759
2004-08-15,24.738,21.504,1.69086456,0.844237561378083,183759
2004-08-16,24.812,21.441,2.6538886728,0.852091824919346,183759
2004-08-17,25.061,20.73,2.2745111688,0.858762544645367,183759
2004-08-18,25.048,21.472,1.656533268,0.831533178008763,183759
2004-08-19,25.934,21.208,1.0677339288,0.835510102762725,183759
2004-08-20,28.416,21.367,3.61004004,0.780277189430632,183759
2004-08-21,24.845,21.739,7.24153716,0.843933745428713,183759
2004-08-22,24.588,21.092,23.81630112,0.889595461018479,183759
2004-08-23,24.667,20.916,3.626349264,0.861750872981432,183759
2004-08-24,25.402,21.294,1.2960436968,0.835806619973158,183759
2004-08-25,25.127,21.015,0.8514403848,0.834776255193315,183759
2004-08-26,23.996,21.015,0.860023908,0.839201338362223,183759
2004-08-27,25.979,21.435,0.734711544,0.78922463341143,183759
2004-08-28,29.962,21.499,0.557899416,0.726517156780481,183759
2004-08-29,30.958,18.886,0.0,0.679542918637996,183759
2004-08-30,30.702,19.969,0.1768113,0.677171127248463,183759
2004-08-31,28.985,20.051,0.362205468,0.654477043132954,183759
2004-09-01,29.355,19.076,0.017166132,0.649739123624225,183759
2004-09-02,32.796,21.702,0.3742222608,0.623820647659378,183759
2004-09-03,27.983,22.096,2.554322472,0.720128271203651,183759
2004-09-04,31.615,20.911,4.73441652,0.666257044456315,183759
2004-09-05,25.248,21.86,3.56197536,0.852750197795483,183759
2004-09-06,23.074,21.248,6.612392988,0.908296926579225,183759
2004-09-07,28.743,21.312,21.017360916,0.863693590517895,183759
2004-09-08,27.656,21.556,24.586203528,0.894766365650482,183759
2004-09-09,28.351,21.767,9.264563856,0.8760335458819,183759
2004-09-10,27.202,21.876,18.00555984,0.890363649083043,183759
2004-09-11,27.058,20.174,5.5601080272,0.859795935414647,183759
2004-09-12,28.989,18.54,0.3089907144,0.79561255430884,183759
2004-09-13,29.882,19.605,1.73377818,0.752088578297265,183759
2004-09-14,30.206,20.326,5.92231896,0.742882502248581,183759
2004-09-15,30.679,19.296,0.741578904,0.693690114003122,183759
2004-09-16,30.389,19.618,0.02059938,0.666863252328241,183759
2004-09-17,32.281,20.26,1.081466136,0.668332545280817,183759
2004-09-18,31.85,21.806,12.8368360584,0.708480111282618,183759
2004-09-19,29.6,22.519,19.3934448,0.851824113077461,183759
2004-09-20,28.031,22.56,7.287028236,0.867566404916135,183759
2004-09-21,29.119,21.205,16.0280270784,0.854127975507284,183759
2004-09-22,27.455,22.288,12.40768656,0.897969336787623,183759
2004-09-23,28.159,21.645,10.69450596,0.886256990676495,183759
2004-09-24,27.098,22.397,8.1873874944,0.869284606678926,183759
2004-09-25,28.608,20.573,9.05084892,0.8594884747006,183759
2004-09-26,27.986,21.543,6.5402987328,0.871495105717265,183759
2004-09-27,29.414,21.33,31.7934036,0.861238153509771,183759
2004-09-28,27.785,21.054,19.02694212,0.881415394156655,183759
2004-09-29,29.168,20.342,1.00765242,0.810705940328065,183759
2004-09-30,28.509,21.083,8.6088161448,0.817173800015117,183759
2004-10-01,30.847,20.457,12.38193864,0.819445400904908,183759
2004-10-02,28.463,21.564,18.74456208,0.857615623579475,183759
2004-10-03,27.637,21.68,17.03739492,0.893868964694813,183759
2004-10-04,28.724,21.512,5.7111761664,0.890472561734573,183759
2004-10-05,26.884,21.594,11.85149988,0.911195171723292,183759
2004-10-06,27.998,20.623,9.34524756,0.86625000858763,183759
2004-10-07,27.588,20.715,11.044692324,0.882145160869458,183759
2004-10-08,27.75,21.216,11.5304917464,0.877772164662707,183759
2004-10-09,29.005,21.09,2.264214384,0.789379987162589,183759
2004-10-10,29.626,20.41,1.23424524,0.777968466282486,183759
2004-10-11,28.579,20.204,7.11192834,0.837657745756417,183759
2004-10-12,30.021,21.575,3.122520948,0.823137922809616,183759
2004-10-13,27.904,20.349,8.4165552,0.827361080641929,183759
2004-10-14,29.608,21.055,1.17416412,0.726204349520459,183759
2004-10-15,28.494,18.79,0.0,0.561197070699114,183759
2004-10-16,28.2,16.614,0.0,0.501649017313006,183759
2004-10-17,28.323,16.178,0.0,0.485728346049556,183759
2004-10-18,28.186,16.315,0.0,0.488455701927988,183759
2004-10-19,28.376,16.33,0.0,0.446992421640922,183759
2004-10-20,28.558,15.694,0.0,0.474256615312462,183759
2004-10-21,28.65,15.567,0.0,0.481857050635997,183759
2004-10-22,30.182,17.771,0.0,0.511271405988548,183759
2004-10-23,31.162,19.07,0.0,0.492835028203502,183759
2004-10-24,30.433,18.253,0.0240325992,0.48041679510766,183759
2004-10-25,30.377,19.771,0.0034332264,0.533203140464289,183759
2004-10-26,28.737,20.338,0.0,0.452126959987976,183759
2004-10-27,30.61,18.174,0.0,0.478888838009852,183759
2004-10-28,29.718,20.264,0.0,0.436380863458217,183759
2004-10-29,30.501,20.996,0.0,0.417272515667524,183759
2004-10-30,30.621,19.813,0.0,0.454865995717198,183759
2004-10-31,28.901,17.755,0.135612504,0.596423099095523,183759
2004-11-01,29.741,18.323,0.0137329056,0.560723238113388,183759
2004-11-02,30.483,20.834,0.0034332264,0.530539325273023,183759
2004-11-03,30.244,19.975,0.0,0.384337440134838,183759
2004-11-04,29.913,16.349,0.0,0.341132880060116,183759
2004-11-05,29.182,15.625,0.0,0.39735747359736,183759
2004-11-06,30.191,15.174,0.0,0.395804696568016,183759
2004-11-07,23.599,19.027,1.2994763688,0.712460991904882,183759
2004-11-08,29.981,20.212,15.4975937328,0.79085442526914,183759
2004-11-09,26.602,21.025,46.430958636,0.817768511286,183759
2004-11-10,28.829,19.716,3.47871996,0.780790903240323,183759
2004-11-11,30.244,19.398,11.5073213472,0.743577265711639,183759
2004-11-12,30.403,20.381,8.50410756,0.678153535668864,183759
2004-11-13,31.138,19.792,0.0171661392,0.569167084378579,183759
2004-11-14,31.521,19.992,0.0034332264,0.517126046255603,183759
2004-11-15,31.004,22.016,0.158786568,0.500183723248695,183759
2004-11-16,31.48,20.199,0.014591232,0.543194113518525,183759
2004-11-17,31.696,19.604,0.0,0.43944137722197,183759
2004-11-18,30.462,19.688,0.0,0.467530033962789,183759
2004-11-19,31.13,18.252,0.0,0.379227888789111,183759
2004-11-20,30.489,16.996,0.0,0.337211033719606,183759
2004-11-21,30.161,16.708,0.0,0.324535067856578,183759
2004-11-22,29.767,14.341,0.0,0.318910296271554,183759
2004-11-23,29.584,14.38,0.0,0.330014401320741,183759
2004-11-24,29.648,14.341,0.0,0.34802411147815,183759
2004-11-25,29.179,14.339,0.0,0.391722519005553,183759
2004-11-26,29.207,14.752,0.0,0.414179791236724,183759
2004-11-27,29.629,15.804,0.0,0.354486491396633,183759
2004-11-28,29.395,15.724,0.0,0.315760823107525,183759
2004-11-29,28.686,14.667,0.0,0.373340987100967,183759
2004-11-30,27.757,14.037,0.0,0.374058701498272,183759
2004-12-01,28.415,14.302,0.0,0.360435494223858,183759
2004-12-02,28.265,14.482,0.0,0.346124116836948,183759
2004-12-03,27.931,13.823,0.0,0.352741387253127,183759
2004-12-04,27.996,14.617,0.0,0.387215820041866,183759
2004-12-05,28.277,12.752,0.0,0.332919189269146,183759
2004-12-06,28.732,12.127,0.0,0.305634838939759,183759
2004-12-07,29.469,14.071,0.0,0.33531956788729,183759
2004-12-08,29.118,14.091,0.0,0.327019505255885,183759
2004-12-09,29.895,13.845,0.0,0.305634433918726,183759
2004-12-10,29.826,14.581,0.0,0.272727480158578,183759
2004-12-11,29.116,13.387,0.0,0.324503613606511,183759
2004-12-12,29.185,15.156,0.0,0.36266731410894,183759
2004-12-13,28.559,15.203,0.0,0.388882340928686,183759
2004-12-14,29.451,14.576,0.0,0.388418747467149,183759
2004-12-15,29.658,15.249,0.0,0.410512293536676,183759
2004-12-16,30.132,15.195,0.0,0.341241228063883,183759
2004-12-17,29.752,14.624,0.0,0.278692561744859,183759
2004-12-18,29.185,14.674,0.0,0.300164468422635,183759
2004-12-19,29.358,12.733,0.0,0.286761135279592,183759
2004-12-20,29.406,12.799,0.0,0.321117225636777,183759
2004-12-21,29.084,13.443,0.0,0.398491771216317,183759
2004-12-22,28.547,12.771,0.0,0.410707821575372,183759
2004-12-23,29.452,12.112,0.0,0.392650740149687,183759
2004-12-24,28.541,14.621,0.0,0.438316762982423,183759
2004-12-25,28.812,15.193,0.0,0.423872166909096,183759
2004-12-26,28.521,15.256,0.0,0.433916845439442,183759
2004-12-27,28.975,16.117,0.0,0.43700399161544,183759
2004-12-28,28.939,17.579,0.0,0.430438312939042,183759
2004-12-29,29.445,17.908,0.0,0.438386185394946,183759
2004-12-30,29.714,16.181,0.0,0.324888302809468,183759
2004-12-31,29.148,16.569,0.0,0.355969248992079,183759
2005-01-01,30.007,14.383,0.0,0.453049243589396,183759
2005-01-02,29.747,21.455,5.22879984,0.535283586204317,183759
2005-01-03,28.826,18.458,2.17323288,0.6024044419382,183759
2005-01-04,30.29,19.729,0.24032556,0.469184928615699,183759
2005-01-05,31.254,17.702,0.0,0.365388602246336,183759
2005-01-06,31.094,17.838,0.0,0.366274318386594,183759
2005-01-07,30.221,15.464,0.0,0.420184126815766,183759
2005-01-08,29.872,15.738,0.0,0.375274486119146,183759
2005-01-09,30.708,14.744,0.0,0.315246013616254,183759
2005-01-10,30.369,14.592,0.0,0.286479431720244,183759
2005-01-11,28.031,13.559,0.0,0.275929098373825,183759
2005-01-12,28.465,13.582,0.0,0.316924918796352,183759
2005-01-13,30.105,13.366,0.0,0.224866866986989,183759
2005-01-14,30.272,13.71,0.0,0.229534995560246,183759
2005-01-15,30.513,15.563,0.0,0.2516009751999,183759
2005-01-16,29.978,14.443,0.0,0.395481347347369,183759
2005-01-17,29.852,18.371,0.0,0.286997242792945,183759
2005-01-18,28.059,14.066,0.0,0.267847301145103,183759
2005-01-19,27.787,13.648,0.0,0.217191000505874,183759
2005-01-20,28.998,14.049,0.0,0.299813271180926,183759
2005-01-21,30.072,15.995,0.0,0.334139688980528,183759
2005-01-22,30.773,17.145,0.0,0.416045173685086,183759
2005-01-23,30.322,15.678,0.0,0.383988434424496,183759
2005-01-24,30.829,17.356,0.0,0.349839076029606,183759
2005-01-25,30.105,18.511,0.39825468,0.453767960568682,183759
2005-01-26,31.075,18.021,0.789642396,0.541669498064471,183759
2005-01-27,31.029,17.252,0.3913875,0.360591319959903,183759
2005-01-28,28.479,18.7,0.0274658112,0.32467054585893,183759
2005-01-29,29.625,17.064,0.0377655192,0.425614843505021,183759
2005-01-30,28.883,16.735,0.43945344,0.416810964595773,183759
2005-01-31,20.943,16.302,0.28495782,0.524476386886477,183759
2005-02-01,27.57,12.773,0.034332264,0.500909457778351,183759
2005-02-02,28.761,13.833,0.0,0.415131916977273,183759
2005-02-03,29.708,14.281,0.0,0.349229924918186,183759
2005-02-04,30.693,18.07,0.0,0.407609148158976,183759
2005-02-05,31.79,16.113,0.0,0.508065720594668,183759
2005-02-06,32.342,20.692,0.0,0.317080937530679,183759
2005-02-07,28.143,20.857,0.0,0.478852037297326,183759
2005-02-08,32.384,16.69,0.0,0.364486598811625,183759
2005-02-09,33.066,16.042,0.0,0.312721215253471,183759
2005-02-10,33.058,17.596,0.0,0.271615200726808,183759
2005-02-11,33.615,18.211,0.0,0.28734501921772,183759
2005-02-12,34.318,18.213,0.0,0.277917788867119,183759
2005-02-13,33.541,17.684,0.0,0.225601706241662,183759
2005-02-14,35.063,18.206,0.0,0.177218396435564,183759
2005-02-15,36.089,19.223,0.0,0.14926423325656,183759
2005-02-16,35.169,17.373,0.0,0.232109419622117,183759
2005-02-17,34.519,16.927,0.0,0.314091297221428,183759
2005-02-18,33.848,15.596,0.0,0.375481507194152,183759
2005-02-19,32.43,16.525,0.0,0.324000047082877,183759
2005-02-20,32.739,16.954,0.0,0.220845557450286,183759
2005-02-21,32.085,17.559,0.0,0.195057374708981,183759
2005-02-22,33.03,19.418,0.0,0.196718543587705,183759
2005-02-23,32.11,17.553,0.0,0.241642969787881,183759
2005-02-24,34.311,18.351,0.0,0.252998661883298,183759
2005-02-25,33.99,19.719,0.0,0.272860138392487,183759
2005-02-26,34.828,22.211,0.0,0.248866082511889,183759
2005-02-27,33.976,25.701,0.0,0.237273323016801,183759
2005-02-28,35.428,23.423,0.0,0.242197556608878,183759
2005-03-01,35.223,23.846,0.0,0.211095193679891,183759
2005-03-02,35.396,20.238,0.0,0.169608658994241,183759
2005-03-03,35.334,16.993,0.0,0.169147061323736,183759
2005-03-04,35.31,17.077,0.0,0.207797743720746,183759
2005-03-05,35.738,19.649,0.0,0.236244901003925,183759
2005-03-06,35.994,20.985,0.0,0.22932544279426,183759
2005-03-07,36.4,22.896,0.01373292,0.245464779981181,183759
2005-03-08,33.727,22.011,3.0727386144,0.379092794527792,183759
2005-03-09,30.468,22.165,1.5449532912,0.516396566484207,183759
2005-03-10,32.84,18.715,0.00686646,0.408101093590877,183759
2005-03-11,33.419,18.462,0.0,0.271870318106595,183759
2005-03-12,34.103,18.691,0.0,0.212667166143342,183759
2005-03-13,34.749,19.146,0.0,0.178484505325829,183759
2005-03-14,35.622,18.79,0.0,0.163477248722102,183759
2005-03-15,36.118,18.944,0.0,0.144116646865084,183759
2005-03-16,36.729,20.26,0.0,0.125222132134696,183759
2005-03-17,37.734,21.438,0.0,0.20071970382683,183759
2005-03-18,38.496,22.853,0.0,0.230884652763593,183759
2005-03-19,38.178,24.53,0.0,0.234802942232747,183759
2005-03-20,37.666,24.467,0.0,0.204946141399634,183759
2005-03-21,37.6,23.205,0.0,0.206319208493956,183759
2005-03-22,37.416,23.61,0.0,0.214196861816873,183759
2005-03-23,37.256,21.819,0.0,0.137392621825893,183759
2005-03-24,34.325,17.866,0.0,0.189289007732079,183759
2005-03-25,36.692,19.685,0.0,0.132593418788825,183759
2005-03-26,36.699,19.813,0.0,0.103304698624131,183759
2005-03-27,38.838,20.912,0.0,0.146038429132533,183759
2005-03-28,38.904,22.144,0.0,0.139104200277733,183759
2005-03-29,38.577,22.31,0.0,0.153276049676651,183759
2005-03-30,37.741,21.65,0.0,0.179649041817449,183759
2005-03-31,39.547,21.212,0.0,0.105062564315631,183759
2005-04-01,39.352,20.049,0.0,0.142303188311178,183759
2005-04-02,37.054,21.826,0.0,0.269512552962566,183759
2005-04-03,36.984,26.003,0.0,0.288442947000237,183759
2005-04-04,38.426,24.542,0.0,0.210888571596264,183759
2005-04-05,38.189,23.744,0.0,0.230172977468512,183759
2005-04-06,38.621,22.613,0.0,0.270704374883697,183759
2005-04-07,35.16,24.771,0.0,0.334806910998929,183759
2005-04-08,40.889,24.044,0.0,0.21011333697902,183759
2005-04-09,38.118,23.197,0.0,0.13504225596043,183759
2005-04-10,38.984,20.713,0.0,0.102745936904822,183759
2005-04-11,39.447,22.568,0.0,0.117080723439929,183759
2005-04-12,34.302,24.433,0.181961064,0.326166385557616,183759
2005-04-13,34.182,24.243,3.6890049744,0.491720434472105,183759
2005-04-14,30.374,23.99,22.41555228,0.616503468510059,183759
2005-04-15,38.056,22.267,0.0171661392,0.475172208403679,183759
2005-04-16,39.517,23.999,0.0,0.273326795923566,183759
2005-04-17,41.019,24.947,0.0,0.227989419778047,183759
2005-04-18,40.496,27.649,0.13561254,0.187743199196252,183759
2005-04-19,41.839,25.0,0.0,0.116281326206009,183759
2005-04-20,37.997,24.865,0.0,0.209245050405797,183759
2005-04-21,39.443,26.727,0.0,0.271341285608242,183759
2005-04-22,39.652,23.892,0.0,0.254299551412591,183759
2005-04-23,39.292,28.63,0.0,0.199175810175775,183759
2005-04-24,37.886,25.287,0.32272344,0.293651079388632,183759
2005-04-25,38.191,24.612,0.0,0.256482328966888,183759
2005-04-26,41.841,25.109,0.0,0.238883369913228,183759
2005-04-27,42.526,28.312,0.017166132,0.185074882337998,183759
2005-04-28,41.774,26.29,0.0,0.134853453241748,183759
2005-04-29,40.188,25.877,0.0,0.1492721804705,183759
2005-04-30,41.084,23.476,0.0,0.141176276713676,183759
2005-05-01,41.913,25.554,0.0,0.176662186092397,183759
2005-05-02,41.846,27.107,0.0,0.216254633857652,183759
2005-05-03,34.651,27.716,0.4866601392,0.277866167577053,183759
2005-05-04,31.926,24.052,0.0,0.392612610850509,183759
2005-05-05,36.736,23.643,0.0,0.361676228511577,183759
2005-05-06,36.915,26.735,0.118446336,0.301304676562016,183759
2005-05-07,38.985,24.504,0.0,0.301651330565196,183759
2005-05-08,39.393,26.379,0.0,0.279202352450107,183759
2005-05-09,35.64,26.265,0.0,0.270910637219244,183759
2005-05-10,38.222,25.447,0.0,0.307397742815253,183759
2005-05-11,39.48,25.491,0.0,0.286589485128556,183759
2005-05-12,40.176,24.542,0.0,0.21083555879396,183759
2005-05-13,40.642,25.466,0.0,0.119572947772908,183759
2005-05-14,40.201,23.407,0.0,0.102547219423395,183759
2005-05-15,41.293,24.361,0.0,0.165340763027729,183759
2005-05-16,41.263,25.256,0.0,0.205572251032179,183759
2005-05-17,41.525,25.844,0.0,0.225213413440483,183759
2005-05-18,41.784,26.149,0.0,0.215061597355563,183759
2005-05-19,41.876,26.603,0.0,0.190261944608344,183759
2005-05-20,43.634,27.508,0.0,0.183175255296253,183759
2005-05-21,42.053,30.212,0.0,0.176234571122924,183759
2005-05-22,37.494,29.732,0.0,0.26552939439783,183759
2005-05-23,42.277,26.5,0.0,0.196562953514912,183759
2005-05-24,40.768,28.494,0.0,0.213827832489166,183759
2005-05-25,42.458,30.042,0.0,0.22550952884759,183759
2005-05-26,39.046,28.033,0.0102996792,0.214147369505892,183759
2005-05-27,40.983,27.168,0.0,0.215304896393813,183759
2005-05-28,38.083,27.565,0.0,0.297799993810328,183759
2005-05-29,39.238,27.128,0.0,0.271340579278893,183759
2005-05-30,34.485,28.608,0.0274658184,0.299970955409904,183759
2005-05-31,38.258,26.283,0.0,0.286616424276257,183759
2005-06-01,37.856,28.586,0.0171661392,0.319664843832646,183759
2005-06-02,40.854,27.977,0.0,0.358121094567608,183759
2005-06-03,40.195,26.764,0.0102996864,0.370452721102014,183759
2005-06-04,40.3,27.125,0.0,0.290857550717454,183759
2005-06-05,41.2,26.83,0.0,0.263111601894084,183759
2005-06-06,40.852,27.499,0.0,0.242231801205651,183759
2005-06-07,39.34,26.966,0.0034332264,0.299572768649596,183759
2005-06-08,39.213,26.281,0.0,0.316125981256625,183759
2005-06-09,38.796,25.828,0.0,0.293471177538197,183759
2005-06-10,38.413,25.689,0.0669479256,0.36864994747442,183759
2005-06-11,37.856,26.404,0.1562118264,0.415140364755714,183759
2005-06-12,40.384,25.587,0.923538132,0.425711739508128,183759
2005-06-13,38.264,26.139,1.14669828,0.48503371508808,183759
2005-06-14,37.242,26.332,0.11672964,0.503191789826037,183759
2005-06-15,37.295,25.854,0.6608964456,0.449230575346175,183759
2005-06-16,38.664,25.669,0.027465804,0.437989473275041,183759
2005-06-17,34.997,26.096,5.5463769,0.541609264631239,183759
2005-06-18,36.614,25.53,0.0,0.494148444553475,183759
2005-06-19,31.908,24.953,4.28123664,0.602317876459831,183759
2005-06-20,33.622,23.908,6.27422112,0.621421573582091,183759
2005-06-21,32.492,23.336,2.566337184,0.675600462919247,183759
2005-06-22,32.372,22.512,0.7621763904,0.655217800130156,183759
2005-06-23,32.116,23.16,2.4504657264,0.63133262763084,183759
2005-06-24,30.697,23.841,0.7965087912,0.657547859480207,183759
2005-06-25,28.425,23.558,5.8725310824,0.690001891238491,183759
2005-06-26,31.409,22.977,2.1955483584,0.643442528841955,183759
2005-06-27,28.949,22.964,3.3928843248,0.711503558057533,183759
2005-06-28,26.042,22.294,2.1680834904,0.76739012217225,183759
2005-06-29,29.374,22.233,0.8960726592,0.737778311162346,183759
2005-06-30,28.767,22.569,0.6402976992,0.741727427691374,183759
2005-07-01,29.482,22.423,2.419566912,0.743845960617468,183759
2005-07-02,26.33,22.641,1.781845812,0.785866940810038,183759
2005-07-03,26.906,22.248,0.925255224,0.778030067459612,183759
2005-07-04,28.408,22.678,4.3353055872,0.769220955291698,183759
2005-07-05,25.136,22.335,5.321500056,0.804093047865125,183759
2005-07-06,30.485,22.748,2.709675144,0.72731862092644,183759
2005-07-07,27.951,22.973,1.914024492,0.747531632982351,183759
2005-07-08,30.979,22.445,3.072739572,0.700089543038025,183759
2005-07-09,27.305,21.697,13.05828288,0.793342026248517,183759
2005-07-10,23.626,21.03,11.7965721024,0.873321454824383,183759
2005-07-11,28.797,21.354,1.4488217568,0.769296835005636,183759
2005-07-12,29.696,21.383,11.10563586,0.750307724612784,183759
2005-07-13,32.497,21.81,4.1233054608,0.680124078753244,183759
2005-07-14,32.922,23.089,0.5561848152,0.646505311808893,183759
2005-07-15,33.695,22.817,5.55496254,0.64734357031092,183759
2005-07-16,33.662,23.426,16.2923838408,0.718246779351783,183759
2005-07-17,32.51,23.797,3.2006263464,0.71360034321407,183759
2005-07-18,31.13,23.596,18.48793392,0.765335296761214,183759
2005-07-19,31.718,23.542,4.808236608,0.759446188404763,183759
2005-07-20,30.128,23.128,19.093890312,0.836279629860983,183759
2005-07-21,25.561,22.523,20.07579564,0.893534486708296,183759
2005-07-22,27.333,21.502,4.198839408,0.868875482559269,183759
2005-07-23,28.119,21.075,4.9112291664,0.821321733590311,183759
2005-07-24,28.025,20.949,4.94041032,0.831497313736843,183759
2005-07-25,23.398,21.451,10.0190180232,0.902357221544887,183759
2005-07-26,23.238,21.649,3.655530864,0.913756980653236,183759
2005-07-27,23.987,21.74,56.29809132,0.947144647641347,183759
2005-07-28,24.507,21.598,3.4349438664,0.902165334665939,183759
2005-07-29,25.552,21.635,5.0966245584,0.872275509870193,183759
2005-07-30,27.318,21.283,6.5128309344,0.86460053009917,183759
2005-07-31,26.871,21.48,11.9699472816,0.882790395542102,183759
2005-08-01,24.646,21.244,12.00942864,0.913310261368713,183759
2005-08-02,24.595,20.895,1.611899244,0.896959274932318,183759
2005-08-03,25.942,21.365,4.8871944072,0.865698189209162,183759
2005-08-04,25.509,21.302,1.6273515312,0.864044624468593,183759
2005-08-05,26.355,21.384,1.2479783328,0.850588834280237,183759
2005-08-06,22.957,21.316,4.18853844,0.894342742066488,183759
2005-08-07,24.331,21.137,4.928399748,0.900455844483865,183759
2005-08-08,25.102,21.853,9.57356028,0.905053856953153,183759
2005-08-09,25.664,20.973,4.140473796,0.882041426529458,183759
2005-08-10,24.831,21.078,6.21928908,0.897825356024197,183759
2005-08-11,24.276,21.101,2.894211864,0.898562994844179,183759
2005-08-12,27.41,21.213,3.3800105448,0.847432921870705,183759
2005-08-13,27.017,21.118,9.3315137328,0.866314599596426,183759
2005-08-14,26.174,21.896,13.42048572,0.896819444474598,183759
2005-08-15,24.015,21.112,11.0000612664,0.918352476536274,183759
2005-08-16,24.358,20.962,8.6654677464,0.909173656210635,183759
2005-08-17,28.45,20.411,11.758807944,0.865877622311135,183759
2005-08-18,27.012,21.533,3.8143155024,0.863851809095819,183759
2005-08-19,27.171,20.85,10.5537410064,0.872701725386153,183759
2005-08-20,24.372,20.916,11.54251476,0.907768882033504,183759
2005-08-21,25.121,20.742,10.34602776,0.901330723111804,183759
2005-08-22,27.576,20.675,4.641723828,0.849158578234611,183759
2005-08-23,27.062,20.118,2.5371550656,0.856417136497757,183759
2005-08-24,28.777,20.716,6.2313107904,0.820512623148761,183759
2005-08-25,27.458,20.567,1.6548157224,0.832408472717677,183759
2005-08-26,29.47,20.004,3.42292644,0.801265791252316,183759
2005-08-27,29.154,20.189,3.2632877664,0.813686471080823,183759
2005-08-28,30.381,20.866,11.913299064,0.805632074873011,183759
2005-08-29,30.676,22.141,22.2885144,0.836675893044822,183759
2005-08-30,25.348,22.871,10.0765175904,0.915050321289207,183759
2005-08-31,27.813,22.494,10.843841556,0.909938723502092,183759
2005-09-01,30.398,21.341,5.4073312344,0.833100248705431,183759
2005-09-02,29.642,22.394,6.3068405256,0.824694429312574,183759
2005-09-03,29.915,22.382,13.856507136,0.838239780590703,183759
2005-09-04,26.981,23.434,10.857588948,0.922950009021243,183759
2005-09-05,28.274,22.987,13.31834346,0.885435179134175,183759
2005-09-06,28.687,22.086,10.8386954496,0.871503935761669,183759
2005-09-07,31.052,21.68,9.85679964,0.859654415993303,183759
2005-09-08,27.98,22.179,10.168365636,0.903934949923928,183759
2005-09-09,28.371,22.841,19.2947436,0.913888309893149,183759
2005-09-10,25.612,21.821,15.1010450928,0.916125455447992,183759
2005-09-11,25.211,21.004,0.6076815264,0.8936241138264,183759
2005-09-12,24.248,21.457,3.8108829528,0.906626773470618,183759
2005-09-13,24.767,21.008,3.445243164,0.912845101111222,183759
2005-09-14,24.556,21.435,1.706314464,0.903607456271718,183759
2005-09-15,26.557,20.574,2.0788180992,0.871529334691587,183759
2005-09-16,24.135,20.875,1.5775693344,0.890601362321545,183759
2005-09-17,24.54,21.086,3.3353769528,0.887778158505718,183759
2005-09-18,24.402,20.874,1.240254,0.88227280866741,183759
2005-09-19,26.127,20.383,2.1732333408,0.864681751570237,183759
2005-09-20,25.214,20.277,11.1974732424,0.906418503681407,183759
2005-09-21,24.955,21.762,34.8009403464,0.938422727507588,183759
2005-09-22,28.438,20.873,8.675768088,0.888513224588239,183759
2005-09-23,26.139,21.171,7.351401636,0.898929971876219,183759
2005-09-24,26.933,20.66,5.462262288,0.887542296970825,183759
2005-09-25,26.805,19.8,1.4350887864,0.867705191848503,183759
2005-09-26,27.492,19.758,0.5252839272,0.835391779610112,183759
2005-09-27,24.945,20.492,2.8993601664,0.871632566326144,183759
2005-09-28,25.852,19.893,0.89263944,0.841753707463654,183759
2005-09-29,26.995,19.534,0.0,0.839888719111206,183759
2005-09-30,28.753,19.539,2.5843596264,0.79011669697719,183759
2005-10-01,27.277,21.142,2.191255884,0.870427180453589,183759
2005-10-02,27.876,21.45,11.212919244,0.868292304799809,183759
2005-10-03,30.877,21.464,3.076172784,0.810840269703968,183759
2005-10-04,27.75,21.717,4.542158916,0.809986031890802,183759
2005-10-05,29.817,20.592,0.271225044,0.766754521062304,183759
2005-10-06,30.2,18.229,0.01373292,0.645870038992937,183759
2005-10-07,30.315,19.093,0.0,0.554456930883565,183759
2005-10-08,30.249,17.191,0.0,0.523180572303644,183759
2005-10-09,30.388,18.914,0.0,0.506974492368433,183759
2005-10-10,31.385,19.417,0.0,0.508872337245631,183759
2005-10-11,31.126,20.013,0.0,0.552431878063375,183759
2005-10-12,30.906,22.954,0.0,0.575977534612958,183759
2005-10-13,29.376,21.074,8.75473434,0.699527859709932,183759
2005-10-14,25.315,21.691,10.85587812,0.884650865693631,183759
2005-10-15,24.174,21.453,11.54594196,0.92392777190187,183759
2005-10-16,25.025,21.25,22.096249416,0.924792938847762,183759
2005-10-17,28.861,22.112,19.39601448,0.894588705889036,183759
2005-10-18,27.126,21.285,4.023744732,0.864206042152445,183759
2005-10-19,27.469,19.482,0.1682281944,0.830856960321482,183759
2005-10-20,28.435,17.899,0.0,0.685874995313713,183759
2005-10-21,28.009,16.563,0.0,0.672632233815504,183759
2005-10-22,27.634,16.403,0.0,0.541816109595579,183759
2005-10-23,26.633,15.004,0.0,0.572309321210591,183759
2005-10-24,26.488,16.828,0.0,0.612087039548371,183759
2005-10-25,26.361,17.929,0.0,0.687466939727306,183759
2005-10-26,26.818,21.19,8.7101015328,0.878016560291317,183759
2005-10-27,26.571,18.289,0.12359628,0.739498149429858,183759
2005-10-28,25.963,17.225,0.0,0.636531011063308,183759
2005-10-29,25.604,18.517,0.0137329128,0.62781551279809,183759
2005-10-30,27.883,16.78,0.0,0.522503076819491,183759
2005-10-31,29.847,15.055,0.0,0.518395700314402,183759
2005-11-01,29.366,16.704,0.0,0.641420717252356,183759
2005-11-02,28.567,15.113,0.0,0.641318342347801,183759
2005-11-03,29.754,18.314,0.0,0.462106499005749,183759
2005-11-04,29.166,14.908,0.0,0.51294016520143,183759
2005-11-05,28.019,15.604,0.0,0.505103349015683,183759
2005-11-06,28.632,16.293,0.0,0.609800029240515,183759
2005-11-07,28.521,16.92,0.0,0.525052745686207,183759
2005-11-08,27.725,14.326,0.0,0.454785552683225,183759
2005-11-09,27.119,14.184,0.0,0.417812508813278,183759
2005-11-10,27.574,13.315,0.0,0.404475658600835,183759
2005-11-11,28.24,11.578,0.0,0.436751696513451,183759
2005-11-12,29.298,12.167,0.0,0.42799575997621,183759
2005-11-13,29.092,13.975,0.0,0.408885271218981,183759
2005-11-14,29.151,12.982,0.0,0.419407399275264,183759
2005-11-15,29.37,12.966,0.0,0.440275511715438,183759
2005-11-16,28.999,13.083,0.0,0.424169837018811,183759
2005-11-17,30.017,12.163,0.0,0.449733159798094,183759
2005-11-18,30.017,12.152,0.0,0.463320007573429,183759
2005-11-19,29.896,12.892,0.0,0.43738017267321,183759
2005-11-20,29.514,14.218,0.0,0.431605306789893,183759
2005-11-21,29.777,14.621,0.0,0.397181569250603,183759
2005-11-22,30.03,15.504,0.0,0.395499781011867,183759
2005-11-23,29.419,14.019,0.0,0.397550206798494,183759
2005-11-24,29.238,16.315,0.0,0.458366238422827,183759
2005-11-25,29.372,12.771,0.0,0.537693978416874,183759
2005-11-26,28.5,13.93,0.0,0.47525413704245,183759
2005-11-27,28.693,15.082,0.0,0.474101565461483,183759
2005-11-28,28.834,15.946,0.0,0.43723321796061,183759
2005-11-29,28.866,13.943,0.0,0.419630854568084,183759
2005-11-30,29.343,13.477,0.0,0.435281983294297,183759
2005-12-01,29.741,13.586,0.0,0.400221857554673,183759
2005-12-02,29.885,16.451,0.0,0.441682308438718,183759
2005-12-03,29.446,20.131,0.0,0.425563971234154,183759
2005-12-04,29.077,20.134,0.0,0.54124905999063,183759
2005-12-05,29.713,20.456,0.0377654904,0.447679726035439,183759
2005-12-06,29.986,18.06,0.0,0.461342653623055,183759
2005-12-07,29.226,15.732,0.0,0.355944985233963,183759
2005-12-08,29.1,13.176,0.0,0.315660614845559,183759
2005-12-09,28.182,12.639,0.0,0.326917855208424,183759
2005-12-10,28.364,12.773,0.0,0.329219413846938,183759
2005-12-11,28.138,13.755,0.0,0.310681236545796,183759
2005-12-12,28.728,14.014,0.0,0.319435580666732,183759
2005-12-13,28.274,14.374,0.0,0.327275090873359,183759
2005-12-14,28.758,12.773,0.0,0.34370801175935,183759
2005-12-15,28.184,14.109,0.0,0.372950161089493,183759
2005-12-16,28.178,12.232,0.0,0.322813154696277,183759
2005-12-17,27.28,12.491,0.0,0.321020022170332,183759
2005-12-18,27.705,12.14,0.0,0.334134278122763,183759
2005-12-19,27.858,12.189,0.0,0.314871783633855,183759
2005-12-20,28.702,11.807,0.0,0.367901870783738,183759
2005-12-21,29.57,13.178,0.0,0.470841572261123,183759
2005-12-22,29.238,16.268,0.0,0.527868024049871,183759
2005-12-23,28.298,16.374,0.0,0.478425582157604,183759
2005-12-24,27.648,15.129,0.0,0.516458316774491,183759
2005-12-25,26.227,14.233,0.0,0.46773039738748,183759
2005-12-26,25.921,12.228,0.0,0.388254772002848,183759
2005-12-27,27.516,11.978,0.0,0.285408283507039,183759
2005-12-28,27.905,12.264,0.0,0.325108563746727,183759
2005-12-29,28.475,11.964,0.0,0.344109100409853,183759
2005-12-30,28.151,12.823,0.0,0.402947648982922,183759
2005-12-31,28.145,13.99,0.0,0.413329955733959,183759
2006-01-01,27.126,13.069,0.0,0.477754232333147,183759
2006-01-02,27.852,13.049,0.0,0.550988326416803,183759
2006-01-03,28.542,14.229,0.0,0.490949636959631,183759
2006-01-04,28.904,14.576,0.0,0.351885062857351,183759
2006-01-05,28.539,14.254,0.0,0.339359613836708,183759
2006-01-06,28.113,13.894,0.0,0.318743456755761,183759
2006-01-07,29.159,14.828,0.0,0.376725682929758,183759
2006-01-08,29.19,15.852,0.0,0.375538360046867,183759
2006-01-09,30.232,17.171,0.0,0.375214648215231,183759
2006-01-10,30.706,15.939,0.0,0.284083385132533,183759
2006-01-11,30.094,14.788,0.0,0.261622238637204,183759
2006-01-12,30.24,14.915,0.0,0.375234460097556,183759
2006-01-13,31.567,16.408,0.0,0.387313477761872,183759
2006-01-14,30.577,16.374,0.0,0.445337687165103,183759
2006-01-15,31.68,16.831,0.0,0.405494504705351,183759
2006-01-16,30.875,17.174,0.0,0.384971898947085,183759
2006-01-17,31.578,16.2,0.0,0.334323868483353,183759
2006-01-18,31.954,16.442,0.0,0.361434322666024,183759
2006-01-19,32.267,17.771,0.0,0.302940801206581,183759
2006-01-20,32.429,16.088,0.0,0.303646655486855,183759
2006-01-21,32.181,16.691,0.0,0.280245602535601,183759
2006-01-22,31.866,15.208,0.0,0.301843736183007,183759
2006-01-23,29.928,14.532,0.0,0.230699466101251,183759
2006-01-24,27.39,13.448,0.0,0.247657755540301,183759
2006-01-25,26.331,12.274,0.0,0.217006222805975,183759
2006-01-26,26.318,12.244,0.0,0.203267866732129,183759
2006-01-27,28.608,12.798,0.0,0.204716807131627,183759
2006-01-28,29.584,12.854,0.0,0.188821159807916,183759
2006-01-29,30.442,13.959,0.0,0.203153948727508,183759
2006-01-30,31.253,14.917,0.0,0.207843884770055,183759
2006-01-31,31.898,14.992,0.0,0.308113923238907,183759
2006-02-01,32.084,16.914,0.0,0.352518143632884,183759
2006-02-02,32.278,16.338,0.0,0.308018897695271,183759
2006-02-03,32.741,14.79,0.0,0.255312846175741,183759
2006-02-04,31.66,16.282,0.0,0.257610252849714,183759
2006-02-05,31.299,15.878,0.0,0.169888810619281,183759
2006-02-06,31.664,14.13,0.0,0.151960860257589,183759
2006-02-07,31.928,15.755,0.0,0.154251927534793,183759
2006-02-08,30.789,16.384,0.0,0.241842057064882,183759
2006-02-09,30.396,16.607,0.0,0.274194195148215,183759
2006-02-10,31.046,16.387,0.0,0.262092064349058,183759
2006-02-11,31.909,16.265,0.0,0.218156991450549,183759
2006-02-12,32.212,16.324,0.0,0.22639050583359,183759
2006-02-13,32.602,16.627,0.0,0.245914597438142,183759
2006-02-14,33.036,16.742,0.0,0.237094946496943,183759
2006-02-15,33.362,16.459,0.0,0.226603251636296,183759
2006-02-16,34.808,17.363,0.0,0.216986266605846,183759
2006-02-17,34.982,18.285,0.0,0.193991193760231,183759
2006-02-18,35.035,18.47,0.0,0.15554988808769,183759
2006-02-19,35.728,19.368,0.0,0.162260609236213,183759
2006-02-20,36.717,19.501,0.0,0.194165172009619,183759
2006-02-21,36.578,20.554,0.0,0.188101438553871,183759
2006-02-22,36.315,20.395,0.0,0.217236349368574,183759
2006-02-23,36.167,21.525,0.0,0.186068887958965,183759
2006-02-24,35.963,20.257,0.0,0.176314653283877,183759
2006-02-25,35.532,19.505,0.0,0.174665996755307,183759
2006-02-26,34.624,17.268,0.0,0.204307025646995,183759
2006-02-27,35.053,17.154,0.0,0.228289590652929,183759
2006-02-28,35.173,17.422,0.0,0.209344454618103,183759
2006-03-01,35.974,17.925,0.0,0.246754799842214,183759
2006-03-02,35.872,22.119,0.0,0.254902473793848,183759
2006-03-03,34.567,25.662,0.4634856,0.338715444564512,183759
2006-03-04,32.263,21.515,1.356125364,0.513595235715997,183759
2006-03-05,33.809,18.621,0.0,0.210225818544214,183759
2006-03-06,33.975,16.904,0.0,0.157096746541642,183759
2006-03-07,34.178,15.672,0.0,0.197199034691181,183759
2006-03-08,34.089,15.466,0.0,0.19363867878115,183759
2006-03-09,31.266,19.405,3.107070036,0.360288835174166,183759
2006-03-10,26.984,18.734,7.968525912,0.604358776311429,183759
2006-03-11,27.85,13.962,0.04806504,0.449440835395829,183759
2006-03-12,30.024,17.04,0.0,0.473361211009322,183759
2006-03-13,31.946,17.591,0.0,0.404976240946704,183759
2006-03-14,32.744,19.674,0.0,0.378400904162826,183759
2006-03-15,33.722,21.155,0.0,0.335321541462854,183759
2006-03-16,32.623,21.505,0.0,0.349516933986676,183759
2006-03-17,31.854,20.145,0.0240326064,0.508089656694969,183759
2006-03-18,32.396,20.584,0.0,0.391629767532952,183759
2006-03-19,34.678,20.333,0.0,0.338128930318699,183759
2006-03-20,36.963,22.691,0.0,0.280572044080054,183759
2006-03-21,39.304,25.535,0.0,0.207933766663072,183759
2006-03-22,37.478,24.072,0.0,0.184396066829021,183759
2006-03-23,37.185,22.108,0.0,0.139864020315367,183759
2006-03-24,39.371,20.758,0.0,0.146999737516788,183759
2006-03-25,37.574,21.116,0.0,0.165061511391085,183759
2006-03-26,38.658,23.08,0.0,0.188134592379233,183759
2006-03-27,36.292,22.879,0.0,0.149498358255712,183759
2006-03-28,37.717,21.363,0.0,0.153244884522056,183759
2006-03-29,37.432,24.731,0.0,0.173444064386036,183759
2006-03-30,37.209,22.783,0.0,0.19731950934627,183759
2006-03-31,40.173,22.263,0.0,0.169231204057645,183759
2006-04-01,37.357,27.564,0.0308990376,0.216133596076412,183759
2006-04-02,34.301,26.289,0.0,0.229364229385027,183759
2006-04-03,37.541,24.173,0.0,0.170453755461808,183759
2006-04-04,38.664,20.99,0.0,0.167080094858151,183759
2006-04-05,41.371,22.676,0.0,0.138774619889879,183759
2006-04-06,41.506,23.887,0.0,0.139952775022485,183759
2006-04-07,40.135,23.673,0.0,0.178045789737764,183759
2006-04-08,40.59,24.037,0.0,0.141830908419649,183759
2006-04-09,41.459,22.735,0.0,0.148937087836068,183759
2006-04-10,41.671,22.609,0.0,0.171974920904896,183759
2006-04-11,40.636,26.139,0.0,0.180986429272018,183759
2006-04-12,40.068,26.024,0.0,0.222612194055767,183759
2006-04-13,40.823,27.065,0.0,0.173881366099439,183759
2006-04-14,42.32,25.671,0.0,0.15736813467529,183759
2006-04-15,42.923,26.543,0.0,0.153764281609368,183759
2006-04-16,38.507,26.095,0.0,0.211030455572307,183759
2006-04-17,37.677,24.117,0.0,0.277714359933486,183759
2006-04-18,37.595,24.102,0.0,0.149960002332138,183759
2006-04-19,37.917,22.055,0.0,0.153875371498955,183759
2006-04-20,35.148,23.853,0.0,0.336536187872148,183759
2006-04-21,38.289,25.279,0.0,0.280597002665081,183759
2006-04-22,37.276,27.855,0.0514983816,0.264271479370878,183759
2006-04-23,38.994,28.0,0.0,0.243938830383048,183759
2006-04-24,42.188,24.443,0.0,0.221578775930623,183759
2006-04-25,40.689,28.597,0.0,0.156920421564038,183759
2006-04-26,39.783,25.022,0.0,0.218216258246628,183759
2006-04-27,41.662,24.856,0.0,0.156455518597735,183759
2006-04-28,41.016,25.1,0.0,0.175385820240871,183759
2006-04-29,40.139,26.653,0.0,0.19393222806287,183759
2006-04-30,39.3,25.898,0.0,0.26995544834273,183759
2006-05-01,40.167,27.446,0.0,0.202527813516923,183759
2006-05-02,40.459,27.095,0.0,0.197706998254205,183759
2006-05-03,40.68,27.757,0.2918246544,0.22676375982015,183759
2006-05-04,43.787,26.267,0.0,0.231776373517156,183759
2006-05-05,43.673,27.316,0.0,0.213588690630275,183759
2006-05-06,40.445,29.39,0.0,0.238815308227303,183759
2006-05-07,41.388,28.619,0.0,0.168465147717824,183759
2006-05-08,41.803,29.078,0.0,0.173441271612737,183759
2006-05-09,41.215,28.833,0.0,0.184508775753298,183759
2006-05-10,42.369,30.927,0.0,0.175687870980711,183759
2006-05-11,41.7,27.545,0.0,0.173129298682714,183759
2006-05-12,41.685,26.335,0.0,0.155747189871849,183759
2006-05-13,41.321,26.316,0.0,0.166857788529989,183759
2006-05-14,40.592,25.482,0.0,0.168336906313391,183759
2006-05-15,41.35,25.616,0.0,0.191596113998711,183759
2006-05-16,41.209,27.319,0.0,0.21179164383231,183759
2006-05-17,41.551,27.704,0.0,0.175658718596063,183759
2006-05-18,35.358,27.386,0.0,0.257568843166693,183759
2006-05-19,40.726,27.505,0.0377654832,0.25696416879154,183759
2006-05-20,37.555,25.413,0.0068664528,0.355815731261827,183759
2006-05-21,38.588,23.523,0.0,0.332249463213557,183759
2006-05-22,39.257,24.469,0.0,0.366036096250327,183759
2006-05-23,35.928,25.215,0.094413816,0.438766516180919,183759
2006-05-24,35.186,24.984,7.766823204,0.495561689330592,183759
2006-05-25,37.045,25.657,1.103781636,0.42547003132672,183759
2006-05-26,35.975,25.302,0.4531860288,0.430512326885805,183759
2006-05-27,39.373,25.38,0.139045572,0.396460743759599,183759
2006-05-28,35.902,25.783,1.440239184,0.485073265966677,183759
2006-05-29,41.815,26.708,0.1132965,0.460373468975301,183759
2006-05-30,36.928,26.443,1.713181788,0.478860653618348,183759
2006-05-31,31.391,24.319,0.1613617776,0.64800729086229,183759
2006-06-01,30.381,23.355,5.778120636,0.674249538702926,183759
2006-06-02,29.208,23.19,0.961303608,0.730729407435067,183759
2006-06-03,32.96,21.122,0.0308990592,0.62754728188409,183759
2006-06-04,33.003,21.968,6.4304399304,0.621406977190196,183759
2006-06-05,32.692,23.526,0.9338373936,0.610937040593435,183759
2006-06-06,33.319,22.581,0.0034332264,0.497850508677179,183759
2006-06-07,35.014,22.636,0.0,0.459942892498178,183759
2006-06-08,35.425,24.898,0.0068664528,0.44705083030513,183759
2006-06-09,38.274,24.367,0.0034332264,0.407325752906549,183759
2006-06-10,34.877,25.837,1.043700984,0.455568617614365,183759
2006-06-11,36.237,24.581,0.0823973184,0.44810502736095,183759
2006-06-12,36.215,24.454,0.0,0.444634802773814,183759
2006-06-13,34.742,23.572,0.18024444,0.45208778691351,183759
2006-06-14,38.185,25.959,0.1459122264,0.427557334080564,183759
2006-06-15,33.5,26.712,0.99906894,0.444406985931141,183759
2006-06-16,36.554,26.38,1.86767658,0.48607543783809,183759
2006-06-17,35.448,25.186,2.904510204,0.535358389937488,183759
2006-06-18,35.02,25.26,2.77747992,0.503516610874116,183759
2006-06-19,36.452,25.124,2.4959539944,0.528858451701173,183759
2006-06-20,36.089,24.11,38.901937212,0.685671596797487,183759
2006-06-21,36.295,23.283,6.916250628,0.633890211260198,183759
2006-06-22,37.572,23.644,12.306406824,0.637804316706376,183759
2006-06-23,26.511,23.921,10.6378524,0.820610225804414,183759
2006-06-24,30.879,23.464,25.1793056304,0.798248777508867,183759
2006-06-25,31.094,23.34,19.8663696,0.811702122326842,183759
2006-06-26,25.261,23.343,6.61582638,0.862986919487605,183759
2006-06-27,26.765,22.848,4.9867659288,0.836671254060292,183759
2006-06-28,31.135,22.649,2.8152468,0.747186076539191,183759
2006-06-29,26.472,22.85,1.558685016,0.796024101012018,183759
2006-06-30,26.607,22.153,0.9904861584,0.811638232405959,183759
2006-07-01,26.521,22.566,0.3501894168,0.827943751200714,183759
2006-07-02,27.542,22.79,7.968517272,0.837005779331371,183759
2006-07-03,25.019,22.127,4.5799242624,0.864103976306243,183759
2006-07-04,27.552,22.143,14.12600868,0.883824236046465,183759
2006-07-05,25.833,22.075,20.637130824,0.883787278391697,183759
2006-07-06,26.358,21.502,0.8892060048,0.829888438508753,183759
2006-07-07,25.992,21.467,0.6797793456,0.809093875193828,183759
2006-07-08,28.327,21.641,1.1870369064,0.782210479701826,183759
2006-07-09,29.428,22.381,1.9535073192,0.741416206624646,183759
2006-07-10,28.768,22.727,3.7508008248,0.754011786727037,183759
2006-07-11,27.69,22.724,1.7818433784,0.759117776397228,183759
2006-07-12,28.683,22.882,0.7312780872,0.740804420133465,183759
2006-07-13,27.834,22.222,1.8359184384,0.779544048907212,183759
2006-07-14,27.372,22.662,1.4788626984,0.76214516189814,183759
2006-07-15,29.51,23.022,2.0316104928,0.729110654530922,183759
2006-07-16,33.024,22.298,1.2908929032,0.640755078008587,183759
2006-07-17,29.778,22.396,0.6411553344,0.699656811333897,183759
2006-07-18,28.736,21.636,0.7905007224,0.729989922219648,183759
2006-07-19,32.289,22.327,0.2330305488,0.650070991383703,183759
2006-07-20,30.986,23.397,3.0220997904,0.674477911900775,183759
2006-07-21,27.167,23.018,1.3423919832,0.721258182874024,183759
2006-07-22,26.376,22.02,3.766250376,0.783233375938614,183759
2006-07-23,25.618,22.079,3.837490812,0.821827614504,183759
2006-07-24,26.71,22.402,4.0220289,0.788072561200278,183759
2006-07-25,26.342,22.682,7.026957396,0.811036130698355,183759
2006-07-26,28.188,22.908,1.835060868,0.75792975815042,183759
2006-07-27,25.838,22.315,1.3715747928,0.806857625105975,183759
2006-07-28,25.348,21.714,8.11014264,0.843904376421039,183759
2006-07-29,23.314,21.182,19.89469872,0.906438252107045,183759
2006-07-30,24.92,21.342,1.4908794192,0.870398407908017,183759
2006-07-31,24.433,21.633,1.256561568,0.858170733572067,183759
2006-08-01,26.098,21.37,8.7083829,0.841550267122114,183759
2006-08-02,24.299,21.406,5.7008726208,0.867765148794983,183759
2006-08-03,24.62,21.349,9.6971523048,0.879248502579832,183759
2006-08-04,23.058,21.2,4.5782098272,0.895095962998679,183759
2006-08-05,23.087,20.914,20.43628092,0.923190866913396,183759
2006-08-06,23.015,21.233,17.60730048,0.931990725797609,183759
2006-08-07,23.543,21.041,9.807014952,0.926586895484725,183759
2006-08-08,24.642,21.019,1.6084670544,0.895143966498799,183759
2006-08-09,24.133,21.324,2.969741664,0.911775155068135,183759
2006-08-10,24.397,21.44,6.198692976,0.906542434888741,183759
2006-08-11,25.041,21.065,6.21585738,0.909640983335826,183759
2006-08-12,25.543,21.863,3.498456312,0.896383564146754,183759
2006-08-13,26.146,21.574,1.5415203168,0.871889252648209,183759
2006-08-14,25.439,21.906,0.6814953288,0.875635601299062,183759
2006-08-15,24.989,21.484,1.970673552,0.869447152097388,183759
2006-08-16,25.561,20.954,0.3759383952,0.864655646101097,183759
2006-08-17,25.009,21.807,8.08267392,0.896347322242312,183759
2006-08-18,26.461,21.578,0.642013596,0.863630242454449,183759
2006-08-19,24.881,21.283,0.604248336,0.861481288289719,183759
2006-08-20,25.483,21.243,1.790426628,0.877141443224429,183759
2006-08-21,26.77,21.017,2.6521689384,0.852962373989905,183759
2006-08-22,25.372,21.372,4.209134364,0.854302109596359,183759
2006-08-23,25.533,21.047,0.4531865904,0.858661289048881,183759
2006-08-24,27.436,20.703,1.9277585712,0.827832880070978,183759
2006-08-25,26.548,19.873,0.140762196,0.837248896172775,183759
2006-08-26,28.967,20.172,1.9638055224,0.817603463987576,183759
2006-08-27,27.314,20.623,6.1540603704,0.831361687829445,183759
2006-08-28,27.0,21.439,5.7111760944,0.817236685809555,183759
2006-08-29,26.394,21.559,1.5432360264,0.827746132164433,183759
2006-08-30,27.625,21.179,0.2454757128,0.798498732925596,183759
2006-08-31,29.288,19.669,0.0343322784,0.741883783359124,183759
2006-09-01,28.033,20.088,0.7209779472,0.787843037779351,183759
2006-09-02,29.217,20.701,0.0669479328,0.722469902369458,183759
2006-09-03,31.519,19.787,0.559616004,0.700729249202037,183759
2006-09-04,31.495,20.734,4.333595328,0.736035113663399,183759
2006-09-05,31.328,22.091,31.45523868,0.769851521951762,183759
2006-09-06,29.257,22.125,13.05485028,0.83444210839797,183759
2006-09-07,31.805,21.037,8.94442068,0.79948874430047,183759
2006-09-08,31.489,22.26,7.0810336368,0.803919416757328,183759
2006-09-09,31.626,21.276,6.6578884848,0.769374065859862,183759
2006-09-10,31.251,22.132,12.2317328664,0.753032280987561,183759
2006-09-11,31.354,21.324,13.47370578,0.791693007665365,183759
2006-09-12,30.775,21.839,12.24804816,0.83399593022926,183759
2006-09-13,31.371,21.795,14.41097136,0.844589403126217,183759
2006-09-14,27.92,23.305,30.1111272,0.900112162443768,183759
2006-09-15,28.047,21.679,13.97237364,0.880746785350165,183759
2006-09-16,27.207,21.958,15.664104576,0.894587549195047,183759
2006-09-17,22.957,21.99,22.28679756,0.948532711647392,183759
2006-09-18,25.497,21.083,13.628196648,0.917631405654686,183759
2006-09-19,27.764,21.342,4.1610791304,0.875608866500829,183759
2006-09-20,26.491,20.679,0.7999425288,0.901877933963207,183759
2006-09-21,26.693,20.851,9.2645659584,0.889335827707609,183759
2006-09-22,24.552,21.258,7.989118596,0.924239601889068,183759
2006-09-23,25.326,21.367,32.07492612,0.928746387306892,183759
2006-09-24,27.259,21.332,7.292176344,0.891461936218844,183759
2006-09-25,27.732,21.376,2.6950844664,0.872969688700805,183759
2006-09-26,26.829,21.566,10.664471232,0.913765632204423,183759
2006-09-27,26.884,21.333,3.034975536,0.913015617079381,183759
2006-09-28,28.373,21.42,0.8617403088,0.874950046232618,183759
2006-09-29,29.322,21.322,0.3587724432,0.846887506699176,183759
2006-09-30,26.944,22.445,0.3304482552,0.869278214974294,183759
2006-10-01,23.688,21.385,6.520553136,0.918537507621284,183759
2006-10-02,27.189,20.411,3.3662781432,0.876588491799292,183759
2006-10-03,27.915,20.546,8.3736449496,0.896479958102992,183759
2006-10-04,28.505,21.521,14.8572981144,0.90343698598244,183759
2006-10-05,28.303,21.519,18.1068360264,0.90104191217321,183759
2006-10-06,27.01,22.17,22.76660016,0.937500376646202,183759
2006-10-07,27.88,22.234,3.8984292,0.907845387198377,183759
2006-10-08,28.168,20.924,3.254699664,0.87192964752935,183759
2006-10-09,28.205,20.039,1.9346238,0.840515052117174,183759
2006-10-10,30.927,20.26,0.010299672,0.714798044499424,183759
2006-10-11,30.591,18.527,0.0,0.632469550081866,183759
2006-10-12,29.953,17.451,0.0,0.571619115749601,183759
2006-10-13,30.258,18.619,0.0,0.596165482774622,183759
2006-10-14,30.355,17.788,0.0,0.57747924316322,183759
2006-10-15,30.07,16.911,0.0,0.582942019620868,183759
2006-10-16,30.78,19.463,0.0,0.582110728352189,183759
2006-10-17,31.413,19.737,0.0,0.608059171969607,183759
2006-10-18,31.019,19.941,0.0,0.542618370287051,183759
2006-10-19,31.437,18.195,0.0,0.486226515818746,183759
2006-10-20,31.065,18.284,0.0,0.5292652077527,183759
2006-10-21,31.58,18.865,0.0789642,0.560130175560579,183759
2006-10-22,31.114,20.489,0.0102996792,0.527430929883222,183759
2006-10-23,31.987,20.868,0.0,0.47919067020019,183759
2006-10-24,31.701,21.198,0.072097668,0.48894636627644,183759
2006-10-25,29.414,21.28,1.48315428,0.590995080774842,183759
2006-10-26,30.967,19.177,0.0,0.459579577670916,183759
2006-10-27,30.336,18.875,0.0,0.512919229906639,183759
2006-10-28,28.491,21.142,2.84099652,0.643537412428032,183759
2006-10-29,30.572,20.415,1.2599945352,0.673701312585725,183759
2006-10-30,29.357,20.029,0.9510040944,0.747724558753024,183759
2006-10-31,30.237,19.967,4.609104732,0.759955786459793,183759
2006-11-01,30.301,19.003,9.6044535144,0.77757334999363,183759
2006-11-02,26.801,20.896,26.1852228,0.832441595472123,183759
2006-11-03,28.169,20.396,3.829764708,0.797420978044584,183759
2006-11-04,25.476,19.191,5.2184996496,0.879759258136354,183759
2006-11-05,26.377,20.811,6.621836076,0.840640670887495,183759
2006-11-06,24.358,20.118,21.57268644,0.896025516411194,183759
2006-11-07,26.495,20.039,11.46869568,0.843680063289971,183759
2006-11-08,25.813,17.011,7.299039708,0.830827122227796,183759
2006-11-09,26.567,17.107,0.0,0.770512915949579,183759
2006-11-10,27.029,16.887,0.0,0.721344895704307,183759
2006-11-11,26.894,16.494,0.0,0.668695219915782,183759
2006-11-12,27.075,15.586,0.0,0.60348068657393,183759
2006-11-13,27.365,15.714,0.0,0.625687517669189,183759
2006-11-14,28.234,16.656,0.0,0.619450888473613,183759
2006-11-15,28.363,17.216,0.0,0.629748736371343,183759
2006-11-16,28.46,16.633,0.0,0.528248004125732,183759
2006-11-17,28.74,16.822,0.0,0.538833588261366,183759
2006-11-18,28.693,16.55,0.0,0.525121546081312,183759
2006-11-19,29.079,17.796,0.0,0.507245358576185,183759
2006-11-20,28.655,16.698,0.0,0.405318218887408,183759
2006-11-21,29.035,16.826,0.0,0.424981434177829,183759
2006-11-22,29.436,16.504,0.0,0.447905484766354,183759
2006-11-23,26.856,20.005,0.0,0.519046404712258,183759
2006-11-24,27.017,20.355,0.453186036,0.611755088868728,183759
2006-11-25,21.628,20.325,3.22551792,0.823469866547424,183759
2006-11-26,30.169,20.049,0.2068521264,0.723496237298772,183759
2006-11-27,29.706,18.901,0.01373292,0.610860112600162,183759
2006-11-28,29.781,19.888,0.0,0.606201840983568,183759
2006-11-29,28.229,19.668,0.0,0.609281531366245,183759
2006-11-30,29.869,19.073,0.0,0.513444559478034,183759
2006-12-01,29.471,17.197,0.0,0.477458696733615,183759
2006-12-02,29.012,16.134,0.0,0.496129322802607,183759
2006-12-03,29.851,15.885,0.0,0.500503809757207,183759
2006-12-04,29.354,20.134,0.0,0.486934196069939,183759
2006-12-05,28.986,19.093,0.0,0.48929957494486,183759
2006-12-06,28.982,18.582,0.0,0.45830618583011,183759
2006-12-07,29.136,16.358,0.0,0.446794153447915,183759
2006-12-08,28.716,15.174,0.0,0.489632880903663,183759
2006-12-09,27.794,14.829,0.0,0.514894921336503,183759
2006-12-10,28.478,12.878,0.0,0.49998787740857,183759
2006-12-11,29.602,15.083,0.0,0.426393067739395,183759
2006-12-12,28.613,16.058,0.0,0.552791645956828,183759
2006-12-13,30.087,18.28,0.0,0.495164895215859,183759
2006-12-14,30.082,16.739,0.0,0.437636847662446,183759
2006-12-15,29.691,14.234,0.0,0.385073943181338,183759
2006-12-16,29.546,14.512,0.0,0.339184265773308,183759
2006-12-17,28.671,14.565,0.0,0.326643125753094,183759
2006-12-18,28.84,13.715,0.0,0.33248592028582,183759
2006-12-19,28.882,13.456,0.0,0.302009114877246,183759
2006-12-20,27.474,13.395,0.0,0.325085284193194,183759
2006-12-21,27.398,14.379,0.0,0.52104738599752,183759
2006-12-22,28.334,17.019,0.0,0.527931004388602,183759
2006-12-23,28.333,17.178,0.0,0.499280520039305,183759
2006-12-24,27.802,18.093,0.0,0.486143133947161,183759
2006-12-25,27.982,15.764,0.0,0.558132492680593,183759
2006-12-26,28.696,15.006,0.0,0.488114479959865,183759
2006-12-27,28.938,15.818,0.0,0.4863039422303,183759
2006-12-28,28.455,16.108,0.0,0.473388620058176,183759
2006-12-29,28.867,16.034,0.0,0.391741399802096,183759
2006-12-30,28.956,12.467,0.0,0.451314185865021,183759
2006-12-31,28.424,13.959,0.0,0.473895209502611,183759
2007-01-01,28.538,13.24,0.0,0.398863377005638,183759
2007-01-02,29.19,14.25,0.0,0.433322626971113,183759
2007-01-03,29.23,15.319,0.0,0.389175509301961,183759
2007-01-04,28.975,14.298,0.0,0.36328429885874,183759
2007-01-05,28.517,14.755,0.0,0.336483011532429,183759
2007-01-06,28.076,14.535,0.0,0.369256406085671,183759
2007-01-07,27.37,14.899,0.0,0.427494193328706,183759
2007-01-08,27.761,14.735,0.0,0.349603494957301,183759
2007-01-09,27.902,14.78,0.0,0.375442193551998,183759
2007-01-10,28.092,14.096,0.0,0.481826495974327,183759
2007-01-11,27.675,14.631,0.0,0.493188552900064,183759
2007-01-12,28.307,15.04,0.0,0.44194521981941,183759
2007-01-13,28.9,15.043,0.0,0.43035459791021,183759
2007-01-14,29.072,14.76,0.0,0.449908587369622,183759
2007-01-15,29.466,15.532,0.0,0.399521911336911,183759
2007-01-16,30.345,14.672,0.0,0.345509409846263,183759
2007-01-17,30.59,15.813,0.0,0.335674126161591,183759
2007-01-18,29.937,16.436,0.0,0.31428113273784,183759
2007-01-19,30.492,15.864,0.0,0.327159266253657,183759
2007-01-20,31.492,15.516,0.0,0.262339371371069,183759
2007-01-21,31.087,14.235,0.0,0.257849328664408,183759
2007-01-22,31.637,15.99,0.0,0.279471080262516,183759
2007-01-23,32.133,15.237,0.0,0.264749143733198,183759
2007-01-24,31.439,18.376,0.0,0.332244216908418,183759
2007-01-25,31.456,17.539,0.0,0.336318542375847,183759
2007-01-26,30.82,16.506,0.0,0.323573092346288,183759
2007-01-27,31.079,17.599,0.0,0.359728116868291,183759
2007-01-28,31.128,17.85,0.0,0.394233351367816,183759
2007-01-29,31.787,18.134,0.0,0.374875575003821,183759
2007-01-30,31.718,21.458,0.0,0.378422221680551,183759
2007-01-31,32.465,17.768,0.0,0.315768000946277,183759
2007-02-01,32.323,17.845,0.0,0.300949740977869,183759
2007-02-02,31.98,17.338,0.0,0.320021328371967,183759
2007-02-03,31.374,17.267,0.0,0.306594079546184,183759
2007-02-04,30.895,15.611,0.0,0.308832407963262,183759
2007-02-05,31.305,14.792,0.0,0.273149925980042,183759
2007-02-06,31.133,16.837,0.0,0.308171022096857,183759
2007-02-07,31.157,16.924,0.0,0.280453054364126,183759
2007-02-08,31.776,15.979,0.0,0.273638595264524,183759
2007-02-09,32.18,17.437,0.0,0.300891250323817,183759
2007-02-10,30.842,18.305,0.0,0.302952157145392,183759
2007-02-11,30.742,16.985,0.0,0.333255822124959,183759
2007-02-12,30.493,17.175,0.0,0.365372596938605,183759
2007-02-13,29.107,16.264,0.0,0.413194755432214,183759
2007-02-14,28.843,14.821,0.0,0.351823377481847,183759
2007-02-15,28.98,15.009,0.0,0.373356523272641,183759
2007-02-16,29.712,15.983,0.0,0.37625862695581,183759
2007-02-17,31.516,16.648,0.0,0.307181394683123,183759
2007-02-18,31.423,21.407,0.0,0.284823861622784,183759
2007-02-19,31.081,22.07,0.0205993656,0.447742842134756,183759
2007-02-20,31.808,21.133,0.0,0.320302627396771,183759
2007-02-21,31.886,18.913,0.0,0.220869134901857,183759
2007-02-22,32.616,17.08,0.0,0.193936232918585,183759
2007-02-23,32.507,17.134,0.0,0.214463358913131,183759
2007-02-24,32.097,17.358,0.0,0.256364358337286,183759
2007-02-25,32.044,14.863,0.0,0.231603929522156,183759
2007-02-26,34.163,17.412,0.0,0.240490135476349,183759
2007-02-27,34.224,15.764,0.0,0.214678986508733,183759
2007-02-28,33.913,16.178,0.0,0.265762443974006,183759
2007-03-01,33.616,16.365,0.0,0.249004552004554,183759
2007-03-02,33.282,16.768,0.0,0.376411409234127,183759
2007-03-03,35.754,18.642,0.0,0.243077618313171,183759
2007-03-04,34.641,18.853,0.0,0.233356177535044,183759
2007-03-05,34.395,19.468,0.0,0.242015825731279,183759
2007-03-06,36.216,20.302,0.0,0.236185880201064,183759
2007-03-07,36.219,20.079,0.0,0.21517135843448,183759
2007-03-08,35.667,18.835,0.0,0.128324432213871,183759
2007-03-09,35.631,17.969,0.0,0.131115356710917,183759
2007-03-10,34.632,19.18,0.0,0.147091884186927,183759
2007-03-11,33.067,19.729,0.0,0.336839261877445,183759
2007-03-12,35.042,23.666,0.0,0.327249291404271,183759
2007-03-13,35.653,21.074,0.0,0.239501201441758,183759
2007-03-14,37.316,21.373,0.0,0.283659978249329,183759
2007-03-15,35.325,22.212,0.0,0.21351660630748,183759
2007-03-16,35.584,23.079,0.0,0.177114619797894,183759
2007-03-17,37.807,19.735,0.0,0.150705251530486,183759
2007-03-18,37.767,18.448,0.0,0.13481887418946,183759
2007-03-19,38.835,19.534,0.0,0.159761816087454,183759
2007-03-20,38.012,25.157,0.0,0.179828235766828,183759
2007-03-21,38.758,26.313,0.0,0.197508534916387,183759
2007-03-22,36.285,23.754,0.0,0.23279056050661,183759
2007-03-23,39.668,23.826,0.0,0.205409477002971,183759
2007-03-24,38.497,26.121,0.0,0.144595597760157,183759
2007-03-25,38.634,22.796,0.0,0.14206229141142,183759
2007-03-26,38.558,21.685,0.0,0.119930493852193,183759
2007-03-27,39.364,23.175,0.0,0.108955035630734,183759
2007-03-28,39.529,23.601,0.0,0.0972901529411109,183759
2007-03-29,41.816,21.874,0.0,0.10733625687641,183759
2007-03-30,38.915,22.99,0.0,0.167189355261484,183759
2007-03-31,39.102,23.448,0.0,0.168017217012568,183759
2007-04-01,38.596,23.098,0.0,0.204522395143912,183759
2007-04-02,38.919,23.94,0.0,0.166505504410315,183759
2007-04-03,42.225,22.661,0.0,0.147127521735435,183759
2007-04-04,40.774,23.081,0.0,0.111653315616287,183759
2007-04-05,41.913,20.829,0.0,0.12017266725627,183759
2007-04-06,42.854,23.417,0.0,0.16492688236193,183759
2007-04-07,40.153,21.726,0.0,0.179021651085,183759
2007-04-08,38.929,26.594,0.0,0.233421207192066,183759
2007-04-09,40.292,24.208,0.0,0.185327064282973,183759
2007-04-10,38.367,28.145,0.0,0.178799570378309,183759
2007-04-11,40.921,26.163,0.0,0.169852867459865,183759
2007-04-12,42.076,23.501,0.0,0.133164515614131,183759
2007-04-13,41.42,23.429,0.0,0.126234137597492,183759
2007-04-14,41.005,27.061,0.0,0.119570521650805,183759
2007-04-15,39.461,26.139,0.0,0.223700459781128,183759
2007-04-16,38.296,26.282,0.0,0.248857526492957,183759
2007-04-17,41.45,24.671,0.0034332264,0.264668292116041,183759
2007-04-18,40.008,24.554,0.724411728,0.292795778937991,183759
2007-04-19,40.219,24.649,0.31499856,0.293364302621904,183759
2007-04-20,37.053,25.588,0.031757364,0.267328196772267,183759
2007-04-21,37.751,26.252,0.0,0.259409683209761,183759
2007-04-22,39.441,26.015,0.0,0.22077390128547,183759
2007-04-23,38.949,23.462,0.0,0.152772490500931,183759
2007-04-24,39.473,22.47,0.0,0.141081307602461,183759
2007-04-25,42.463,23.837,0.0,0.15404516245786,183759
2007-04-26,42.419,23.697,0.0,0.163504713494045,183759
2007-04-27,44.292,28.728,0.0,0.149785601639582,183759
2007-04-28,38.556,29.894,0.0,0.185519749730854,183759
2007-04-29,42.578,28.969,0.0,0.186492539872785,183759
2007-04-30,42.35,28.56,0.0,0.172831295778013,183759
2007-05-01,43.45,26.996,0.0,0.183348684075238,183759
2007-05-02,42.427,28.577,0.0,0.137426817452349,183759
2007-05-03,40.656,28.62,0.0,0.147134086730928,183759
2007-05-04,41.688,29.835,0.0,0.186192317966964,183759
2007-05-05,38.152,27.592,0.0,0.22815029181093,183759
2007-05-06,40.135,25.721,0.0,0.25571342218549,183759
2007-05-07,40.329,27.352,0.0,0.284535554122645,183759
2007-05-08,41.024,27.281,0.0,0.235019341742493,183759
2007-05-09,41.012,24.756,0.0,0.258543989358669,183759
2007-05-10,40.006,26.43,0.0,0.336830878662246,183759
2007-05-11,42.281,25.577,0.0,0.262504891729786,183759
2007-05-12,41.562,25.766,0.0,0.243159721216825,183759
2007-05-13,40.048,25.665,0.0,0.255399910479,183759
2007-05-14,39.623,24.607,0.0,0.254490301030848,183759
2007-05-15,38.824,24.144,0.0,0.278239635250374,183759
2007-05-16,39.402,23.399,0.0,0.256059320896837,183759
2007-05-17,39.863,25.081,0.0,0.352185360662413,183759
2007-05-18,38.467,26.385,0.0,0.309166348657382,183759
2007-05-19,38.891,25.847,0.0,0.365822448602376,183759
2007-05-20,39.738,25.705,0.068664528,0.341875610303302,183759
2007-05-21,38.27,24.84,0.0,0.366358748505226,183759
2007-05-22,38.23,24.519,0.0205993656,0.342906575627596,183759
2007-05-23,36.807,25.942,0.144195552,0.380228174612981,183759
2007-05-24,36.79,26.47,0.0274658112,0.371173781276895,183759
2007-05-25,39.399,25.233,0.0,0.317078505716643,183759
2007-05-26,38.849,25.801,0.0,0.267144960866258,183759
2007-05-27,38.322,26.106,0.0,0.321135959341034,183759
2007-05-28,35.516,25.215,2.64358386,0.460996921427144,183759
2007-05-29,36.278,24.912,1.6342157304,0.500538304252394,183759
2007-05-30,36.12,26.195,3.6117563472,0.45198768299087,183759
2007-05-31,42.071,26.615,0.0,0.309301941842213,183759
2007-06-01,42.51,27.762,0.181960956,0.316310403937195,183759
2007-06-02,40.404,28.663,0.092697192,0.377318458535931,183759
2007-06-03,36.146,26.484,0.0,0.421415708285625,183759
2007-06-04,37.944,26.832,2.62298628,0.414567374746894,183759
2007-06-05,35.075,27.315,6.0785278992,0.504400172799477,183759
2007-06-06,32.853,24.77,20.6268352128,0.58201753567896,183759
2007-06-07,36.87,25.271,7.776259344,0.544622701598276,183759
2007-06-08,34.857,26.2,3.96881208,0.532929130446505,183759
2007-06-09,36.937,26.341,13.454823708,0.545383660062565,183759
2007-06-10,36.604,25.928,0.3742220304,0.513433682341205,183759
2007-06-11,37.626,25.477,0.04806504,0.46640370976966,183759
2007-06-12,38.979,25.878,0.082397484,0.472544973258803,183759
2007-06-13,42.359,27.398,3.7319153184,0.447441258345691,183759
2007-06-14,35.209,24.938,0.00686646,0.485165547122433,183759
2007-06-15,35.245,25.12,2.2899642264,0.501135400858636,183759
2007-06-16,35.124,24.588,0.827407764,0.542634893158972,183759
2007-06-17,35.796,24.692,0.00686646,0.506991715995252,183759
2007-06-18,36.686,24.688,1.85394528,0.510292984737392,183759
2007-06-19,34.325,24.763,7.93075752,0.594871254418002,183759
2007-06-20,32.462,24.046,27.991117764,0.73335519400368,183759
2007-06-21,25.404,22.996,53.730009828,0.892174659139929,183759
2007-06-22,28.483,22.572,17.859654324,0.838342961577366,183759
2007-06-23,25.735,22.82,37.26772668,0.87200386606041,183759
2007-06-24,25.979,22.202,10.193253084,0.838108071085623,183759
2007-06-25,27.586,22.598,0.837707364,0.801399468157848,183759
2007-06-26,28.076,21.691,4.5112626792,0.812607695967443,183759
2007-06-27,27.85,22.566,0.7724762928,0.801203395331651,183759
2007-06-28,25.988,22.296,4.555890216,0.849738039009546,183759
2007-06-29,25.792,22.181,3.3456798216,0.866588136935026,183759
2007-06-30,25.609,21.527,12.65488002,0.875451195812621,183759
2007-07-01,25.409,21.121,11.43093312,0.86089916811067,183759
2007-07-02,25.359,22.603,0.7295610528,0.847522776266896,183759
2007-07-03,25.973,22.424,1.132966224,0.850412707576537,183759
2007-07-04,25.57,21.918,2.1612183264,0.840974163168713,183759
2007-07-05,24.585,21.07,1.2222288,0.864087656987937,183759
2007-07-06,28.06,21.652,0.4943848032,0.79305947149013,183759
2007-07-07,28.242,22.563,0.372505464,0.763293368372574,183759
2007-07-08,26.447,22.622,5.692290084,0.79314973517119,183759
2007-07-09,26.341,22.012,2.631568464,0.789698327307634,183759
2007-07-10,25.971,22.39,1.36213362,0.793008219371886,183759
2007-07-11,27.426,22.609,3.9473553384,0.797852829204962,183759
2007-07-12,28.947,22.077,3.9507862248,0.768849856230479,183759
2007-07-13,28.646,22.981,2.4341577984,0.752928416611554,183759
2007-07-14,26.636,22.793,1.32951708,0.782023377432007,183759
2007-07-15,26.987,23.036,5.0571432,0.782483757619665,183759
2007-07-16,28.239,23.118,10.5932247984,0.776429007043929,183759
2007-07-17,30.444,22.664,7.76767356,0.74066638085781,183759
2007-07-18,33.149,22.008,1.68056532,0.679915201579836,183759
2007-07-19,33.438,23.089,2.8976454792,0.635875315617803,183759
2007-07-20,34.226,22.724,0.21286008,0.581416365395286,183759
2007-07-21,32.367,22.789,7.5874338,0.603715591654819,183759
2007-07-22,33.324,22.805,7.9565070888,0.613132279741515,183759
2007-07-23,34.461,22.887,3.727625796,0.561462968698965,183759
2007-07-24,31.721,23.63,1.958656284,0.644952363959222,183759
2007-07-25,33.051,22.452,12.184527276,0.684480466656898,183759
2007-07-26,31.024,23.214,8.82168192,0.754365444450421,183759
2007-07-27,30.02,22.965,17.71888536,0.820064873122764,183759
2007-07-28,29.156,22.747,5.093192808,0.795411589213981,183759
2007-07-29,25.158,22.258,11.50131438,0.881719443998832,183759
2007-07-30,29.294,20.829,4.3267240224,0.831986669174927,183759
2007-07-31,29.919,21.514,8.93325924,0.801124649421115,183759
2007-08-01,29.466,22.369,11.969948952,0.810175562133708,183759
2007-08-02,26.873,21.943,6.6347120808,0.869610806145185,183759
2007-08-03,26.677,21.628,3.9688105392,0.854719953289606,183759
2007-08-04,25.851,21.649,1.7200471104,0.834884027374851,183759
2007-08-05,27.361,21.314,0.5252839992,0.806237228525537,183759
2007-08-06,24.298,22.008,0.909805896,0.85134022543424,183759
2007-08-07,23.188,21.652,1.120949208,0.867992261280332,183759
2007-08-08,24.401,21.499,0.666046188,0.860144819955294,183759
2007-08-09,24.347,21.753,1.435089096,0.872430534336641,183759
2007-08-10,26.559,21.958,4.1284568448,0.846567101100631,183759
2007-08-11,27.685,21.697,3.1465542024,0.830565234558671,183759
2007-08-12,23.808,21.917,5.15842344,0.878899868740083,183759
2007-08-13,23.642,21.112,10.56747672,0.901310576239684,183759
2007-08-14,25.647,20.721,4.74643944,0.855780299918713,183759
2007-08-15,24.744,21.633,3.8108828232,0.864308100198739,183759
2007-08-16,28.148,21.581,2.0462040144,0.804936047292799,183759
2007-08-17,29.692,22.125,5.2511191128,0.780048509060492,183759
2007-08-18,28.885,21.898,2.182674456,0.772617013266977,183759
2007-08-19,29.697,21.185,2.4839422704,0.760209198294946,183759
2007-08-20,32.051,21.241,4.847720076,0.696029513318857,183759
2007-08-21,29.908,21.037,2.4272918784,0.744701616513139,183759
2007-08-22,30.672,20.997,0.5956650792,0.719189116912027,183759
2007-08-23,29.661,22.146,2.4290082144,0.758545474246504,183759
2007-08-24,28.507,21.112,15.7276156248,0.83274030636154,183759
2007-08-25,26.631,21.956,80.292869856,0.907404109521182,183759
2007-08-26,30.281,22.114,14.7319758,0.867412514788975,183759
2007-08-27,27.219,22.702,23.45752908,0.908004391576137,183759
2007-08-28,27.343,22.175,20.6010846,0.901941380634054,183759
2007-08-29,28.707,21.758,11.7622389744,0.872550466777265,183759
2007-08-30,25.613,21.963,9.75380328,0.919220199190075,183759
2007-08-31,25.508,20.826,3.1087831248,0.88248271470299,183759
2007-09-01,24.222,20.814,2.164650804,0.903710719715761,183759
2007-09-02,27.169,20.851,1.8419264928,0.873708866403388,183759
2007-09-03,27.28,21.276,4.119870852,0.881854795281077,183759
2007-09-04,26.889,21.419,10.390659516,0.885134544014317,183759
2007-09-05,26.169,21.443,7.70587794,0.896952555183795,183759
2007-09-06,24.65,22.011,2.478790224,0.902764654568212,183759
2007-09-07,27.099,21.362,4.334453028,0.880784617641944,183759
2007-09-08,28.508,20.917,0.4016878704,0.834609309101174,183759
2007-09-09,29.012,20.424,3.610041228,0.829304356451842,183759
2007-09-10,28.125,22.249,15.7602273264,0.872516847614405,183759
2007-09-11,29.344,21.14,13.55695344,0.850665214712052,183759
2007-09-12,30.963,22.173,15.9928326,0.84409987663469,183759
2007-09-13,29.214,22.49,37.504584288,0.906366745857251,183759
2007-09-14,27.469,22.344,54.6965310528,0.878663587288628,183759
2007-09-15,27.969,20.056,2.5920855792,0.86772571442605,183759
2007-09-16,27.524,21.782,1.0231018344,0.852425355742296,183759
2007-09-17,28.151,21.661,14.8607277192,0.893282440392025,183759
2007-09-18,28.614,22.306,21.220780572,0.89856707113266,183759
2007-09-19,27.561,22.916,29.13865938,0.923976307364447,183759
2007-09-20,25.101,21.529,17.808148224,0.941835588240792,183759
2007-09-21,22.126,20.341,29.73089592,0.953721949822272,183759
2007-09-22,24.941,21.084,39.459777588,0.935057056199867,183759
2007-09-23,26.865,20.67,3.1637203992,0.908289850125242,183759
2007-09-24,25.955,21.457,1.5183444744,0.898912168064038,183759
2007-09-25,26.676,21.115,6.24332772,0.907600746790023,183759
2007-09-26,27.455,19.666,0.06523128,0.854063305569461,183759
2007-09-27,25.765,19.587,1.9311902928,0.893676776372309,183759
2007-09-28,27.83,20.829,13.0668672456,0.902418237021682,183759
2007-09-29,26.635,21.796,17.61331968,0.909995827750904,183759
2007-09-30,27.867,21.477,5.762669112,0.839020349123437,183759
2007-10-01,27.783,21.01,0.0,0.7756346263904,183759
2007-10-02,29.787,18.809,0.0,0.664924330617479,183759
2007-10-03,29.819,18.992,0.4034043,0.658407422491776,183759
2007-10-04,29.153,20.345,0.032615676,0.712309306113311,183759
2007-10-05,28.99,20.442,0.0,0.614266399919428,183759
2007-10-06,22.046,18.717,1.46598858,0.729689236666271,183759
2007-10-07,30.571,18.873,0.0,0.637915957056324,183759
2007-10-08,31.142,20.728,0.0,0.588258968763334,183759
2007-10-09,26.417,20.073,0.0,0.757796757078235,183759
2007-10-10,23.458,19.526,2.09083572,0.825418310383264,183759
2007-10-11,29.779,18.987,0.0,0.631064677498692,183759
2007-10-12,31.292,21.225,1.9226076264,0.64838483824574,183759
2007-10-13,29.505,19.945,0.590515092,0.605633404134395,183759
2007-10-14,31.009,20.47,0.0,0.488580446870868,183759
2007-10-15,29.406,14.977,0.0,0.460778289737551,183759
2007-10-16,30.661,15.306,0.0,0.482412828937775,183759
2007-10-17,31.015,19.772,0.0,0.468832195608224,183759
2007-10-18,30.556,19.425,0.0,0.430632915205529,183759
2007-10-19,30.704,18.518,0.0,0.515765712697353,183759
2007-10-20,30.978,19.676,0.0,0.524809333363683,183759
2007-10-21,29.93,20.526,0.0,0.445280553722146,183759
2007-10-22,30.773,19.026,0.0,0.404368541230393,183759
2007-10-23,30.359,17.497,0.0,0.430466662737179,183759
2007-10-24,30.933,18.801,0.0,0.394255196541978,183759
2007-10-25,31.011,18.671,0.0,0.479141701764978,183759
2007-10-26,30.947,19.163,0.0,0.461354857216182,183759
2007-10-27,30.443,18.026,0.0,0.434167554913051,183759
2007-10-28,31.305,17.431,0.0,0.399246920609462,183759
2007-10-29,31.111,18.38,0.0,0.433118114738837,183759
2007-10-30,29.926,20.59,0.0,0.486939359734198,183759
2007-10-31,25.857,20.594,1.366424316,0.676483233868859,183759
2007-11-01,26.58,20.407,4.387667004,0.829309494793454,183759
2007-11-02,31.215,19.896,1.51233768,0.68863197124528,183759
2007-11-03,31.629,19.154,0.0,0.620722544128313,183759
2007-11-04,32.022,19.447,0.1012802112,0.599522713023192,183759
2007-11-05,30.312,20.784,0.017166132,0.649168513912327,183759
2007-11-06,32.419,23.626,0.068664564,0.55820813188799,183759
2007-11-07,31.712,22.352,0.0,0.54824417191989,183759
2007-11-08,32.292,19.04,0.0,0.463005023460202,183759
2007-11-09,31.832,17.886,0.0,0.368046812349852,183759
2007-11-10,31.758,18.307,0.0,0.383076726492579,183759
2007-11-11,31.023,15.786,0.0,0.380402921448339,183759
2007-11-12,30.642,17.217,0.0,0.376100150911537,183759
2007-11-13,30.627,16.398,0.0,0.387757941682299,183759
2007-11-14,30.63,17.356,0.0,0.37382507769679,183759
2007-11-15,30.483,16.072,0.0,0.3894242441828,183759
2007-11-16,29.722,15.354,0.0,0.317510654852624,183759
2007-11-17,28.811,13.237,0.0,0.316530734635936,183759
2007-11-18,28.175,13.64,0.0,0.382693958843668,183759
2007-11-19,29.536,15.49,0.0,0.412495084550434,183759
2007-11-20,28.932,16.093,0.0,0.4420483668263,183759
2007-11-21,28.333,15.705,0.0,0.353645108916783,183759
2007-11-22,28.746,13.012,0.0,0.279615368649147,183759
2007-11-23,28.754,13.49,0.0,0.264600663589926,183759
2007-11-24,28.641,13.759,0.0,0.286105066510879,183759
2007-11-25,27.547,11.792,0.0,0.316200443730725,183759
2007-11-26,28.585,12.935,0.0,0.371503794902397,183759
2007-11-27,29.896,14.909,0.0,0.423451693449927,183759
2007-11-28,30.689,15.238,0.0,0.398778328187378,183759
2007-11-29,29.73,16.732,0.0,0.37805352655145,183759
2007-11-30,29.41,16.055,0.0,0.334434170230555,183759
2007-12-01,28.082,16.264,0.0,0.45461819742152,183759
2007-12-02,28.066,18.895,0.1716613848,0.542444191175483,183759
2007-12-03,26.66,18.422,0.0446319504,0.580130299642755,183759
2007-12-04,28.413,15.115,0.0,0.474205780921373,183759
2007-12-05,27.453,15.906,0.0,0.39251901526213,183759
2007-12-06,27.222,17.985,0.0,0.414080209761074,183759
2007-12-07,28.054,16.699,0.0,0.39854484348705,183759
2007-12-08,28.199,16.058,0.0,0.421681234021427,183759
2007-12-09,29.216,15.355,0.0,0.410831511790566,183759
2007-12-10,29.574,16.186,0.0,0.401147084638876,183759
2007-12-11,29.801,14.693,0.0,0.498326977151195,183759
2007-12-12,29.601,14.04,0.0,0.476520186537471,183759
2007-12-13,28.581,16.151,0.0,0.467566740403583,183759
2007-12-14,28.767,16.129,0.0,0.475327399935046,183759
2007-12-15,29.018,15.01,0.0,0.464157567860984,183759
2007-12-16,29.47,17.06,0.0,0.46203069174099,183759
2007-12-17,29.282,18.73,0.0,0.438067145790925,183759
2007-12-18,28.769,16.321,0.0,0.336746132099045,183759
2007-12-19,28.489,16.113,0.0,0.348043661804112,183759
2007-12-20,27.722,19.986,0.125312796,0.616045719704164,183759
2007-12-21,30.83,18.658,0.1270292904,0.597067839158171,183759
2007-12-22,32.118,18.308,0.09956376,0.500957213111363,183759
2007-12-23,31.71,16.658,0.0,0.259582020591852,183759
2007-12-24,31.743,14.737,0.0,0.236116024970576,183759
2007-12-25,31.562,14.165,0.0,0.295506183921432,183759
2007-12-26,31.572,14.87,0.0,0.359263459263375,183759
2007-12-27,31.318,16.545,0.0,0.363825932819277,183759
2007-12-28,31.464,16.883,0.0,0.386975406621804,183759
2007-12-29,31.85,16.215,0.0,0.363047225054733,183759
2007-12-30,31.125,17.376,0.0,0.347179019492591,183759
2007-12-31,31.038,17.255,0.0,0.351168693449096,183759
2008-01-01,30.163,16.833,0.0,0.388544084474585,183759
2008-01-02,29.565,20.002,0.0,0.358148040623866,183759
2008-01-03,28.946,20.514,0.0,0.369661093624891,183759
2008-01-04,29.626,17.496,0.0,0.284059094982146,183759
2008-01-05,29.396,14.505,0.0,0.261394725569414,183759
2008-01-06,29.113,13.799,0.0,0.316637123081687,183759
2008-01-07,28.294,14.459,0.0,0.393194939020911,183759
2008-01-08,28.366,14.329,0.0,0.395055878402902,183759
2008-01-09,29.269,14.023,0.0,0.407476666067559,183759
2008-01-10,30.519,15.721,0.0,0.355917102322583,183759
2008-01-11,30.047,14.236,0.0,0.342599527234867,183759
2008-01-12,31.691,15.969,0.0,0.354723744452366,183759
2008-01-13,31.319,17.086,0.0,0.32750978633178,183759
2008-01-14,31.187,16.679,0.0,0.333357132857617,183759
2008-01-15,31.987,18.039,0.0,0.30710420446604,183759
2008-01-16,31.006,16.687,0.0,0.30270026627428,183759
2008-01-17,30.459,15.79,0.0,0.249844514443173,183759
2008-01-18,30.08,14.214,0.0,0.241832180530554,183759
2008-01-19,30.781,14.148,0.0,0.309856261037772,183759
2008-01-20,30.866,15.118,0.0,0.32609533299776,183759
2008-01-21,30.982,14.737,0.0,0.316840609749204,183759
2008-01-22,31.144,16.388,0.0,0.29347042716229,183759
2008-01-23,30.686,15.332,0.0,0.253783207024157,183759
2008-01-24,29.653,14.901,0.0,0.179134353280277,183759
2008-01-25,30.139,14.259,0.0,0.225255383979015,183759
2008-01-26,26.609,13.18,0.0,0.2449843597111,183759
2008-01-27,26.44,12.265,0.0,0.250224492642785,183759
2008-01-28,28.648,12.918,0.0,0.213644600734052,183759
2008-01-29,30.923,11.963,0.0,0.218588272841432,183759
2008-01-30,28.751,14.116,0.0,0.329315371070504,183759
2008-01-31,27.827,13.667,0.0,0.372569987275051,183759
2008-02-01,29.333,13.675,0.0,0.240992073393277,183759
2008-02-02,30.005,14.001,0.0,0.209328162840328,183759
2008-02-03,29.861,14.06,0.0,0.266553577182614,183759
2008-02-04,28.098,15.376,0.0,0.427857757480153,183759
2008-02-05,29.613,14.933,0.0,0.453311194915711,183759
2008-02-06,27.657,18.476,0.03218652,0.323932030950139,183759
2008-02-07,24.735,17.407,0.0102996792,0.531375813930673,183759
2008-02-08,29.92,14.733,0.0,0.502175424834323,183759
2008-02-09,28.203,15.316,0.0,0.390397939754953,183759
2008-02-10,28.189,19.473,0.086688972,0.493726913858932,183759
2008-02-11,31.04,19.852,0.1896859008,0.475120806415271,183759
2008-02-12,31.965,18.673,1.2754440648,0.605348635863369,183759
2008-02-13,33.781,20.866,0.1536370848,0.414950920778104,183759
2008-02-14,32.904,21.102,1.68828912,0.567987130799791,183759
2008-02-15,28.817,21.987,1.78613676,0.584541820039472,183759
2008-02-16,32.437,19.238,0.0,0.394412641525469,183759
2008-02-17,32.933,16.676,0.0,0.324863428302713,183759
2008-02-18,33.605,18.593,0.0,0.248207145688596,183759
2008-02-19,34.869,18.592,0.0,0.19833363751595,183759
2008-02-20,33.319,17.755,0.0,0.139551646750618,183759
2008-02-21,32.569,17.449,0.0,0.129299033100768,183759
2008-02-22,34.046,17.376,0.0,0.144512507392336,183759
2008-02-23,34.53,16.908,0.0,0.210875143889514,183759
2008-02-24,33.677,16.473,0.0,0.266712252392205,183759
2008-02-25,33.525,18.689,0.0,0.177932421164962,183759
2008-02-26,34.026,17.915,0.0,0.147473457603511,183759
2008-02-27,33.793,18.396,0.0,0.147624325004275,183759
2008-02-28,34.305,17.779,0.0,0.0990272526995011,183759
2008-02-29,35.726,16.128,0.0,0.0925174586866032,183759
2008-03-01,36.055,17.133,0.0,0.0944674128654105,183759
2008-03-02,34.602,15.517,0.0,0.139753155487025,183759
2008-03-03,35.024,16.244,0.0,0.169792033070815,183759
2008-03-04,35.0,15.676,0.0,0.139038342683301,183759
2008-03-05,35.398,18.262,0.0,0.176589805624884,183759
2008-03-06,35.438,18.735,0.0,0.205314394978855,183759
2008-03-07,36.811,19.816,0.0,0.201532623856295,183759
2008-03-08,36.282,20.534,0.0,0.164047103074684,183759
2008-03-09,35.994,20.056,0.0,0.144943624315909,183759
2008-03-10,34.448,18.685,0.0,0.177473164329807,183759
2008-03-11,36.13,21.797,0.0,0.158828038729664,183759
2008-03-12,35.516,20.922,0.0,0.185142778301658,183759
2008-03-13,36.069,19.234,0.0,0.244021103761194,183759
2008-03-14,35.507,22.742,0.913239,0.432067841764559,183759
2008-03-15,38.473,19.953,0.612830952,0.362029191325046,183759
2008-03-16,34.749,24.479,1.203346404,0.412949098386059,183759
2008-03-17,38.358,25.767,0.0,0.314306740672106,183759
2008-03-18,33.304,27.451,0.0102996792,0.303485023397297,183759
2008-03-19,36.081,24.941,0.0,0.269265702021846,183759
2008-03-20,36.48,25.851,0.1270294272,0.311995356993321,183759
2008-03-21,35.386,23.51,1.4162063184,0.420772190064006,183759
2008-03-22,28.153,22.295,0.7278445152,0.631666491610025,183759
2008-03-23,28.979,21.676,5.0914783728,0.671435907389901,183759
2008-03-24,33.341,20.256,0.0686646,0.573709344725503,183759
2008-03-25,30.299,21.99,0.0961303896,0.474900517836643,183759
2008-03-26,30.001,20.974,0.068664528,0.549795967507132,183759
2008-03-27,32.311,22.45,3.972245904,0.527156830596443,183759
2008-03-28,32.308,23.915,3.2426856,0.533311319724257,183759
2008-03-29,35.183,21.694,0.0,0.437033007421673,183759
2008-03-30,34.762,22.646,0.23860962,0.383909336025318,183759
2008-03-31,33.658,24.577,0.1029967056,0.352594878053919,183759
2008-04-01,34.175,19.221,0.0,0.268245854821303,183759
2008-04-02,34.763,19.068,0.0,0.316229430776505,183759
2008-04-03,34.607,18.698,0.0,0.259083412583219,183759
2008-04-04,34.253,18.761,0.0,0.283786053794314,183759
2008-04-05,35.531,19.712,0.0,0.299307999930269,183759
2008-04-06,35.789,19.705,0.0,0.272144096211014,183759
2008-04-07,28.378,21.157,4.64858838,0.577092068125153,183759
2008-04-08,32.91,19.113,0.408553956,0.452772178726728,183759
2008-04-09,35.684,21.403,0.0102996792,0.337406942613344,183759
2008-04-10,37.876,24.612,0.0,0.24464827033071,183759
2008-04-11,41.024,21.069,0.0,0.212333090268786,183759
2008-04-12,40.336,23.731,0.0,0.171100638061865,183759
2008-04-13,38.808,23.503,0.0,0.187292754003563,183759
2008-04-14,42.383,23.737,0.0,0.17209392438152,183759
2008-04-15,42.021,25.547,0.0,0.148789621138699,183759
2008-04-16,42.075,26.487,0.0,0.163022114246868,183759
2008-04-17,43.837,27.471,0.0,0.136130140563741,183759
2008-04-18,40.876,25.813,0.0,0.135551565778882,183759
2008-04-19,39.854,24.316,0.0,0.136064724676372,183759
2008-04-20,42.045,24.693,0.0,0.121703624670434,183759
2008-04-21,43.615,26.05,0.0,0.13793387539698,183759
2008-04-22,42.181,26.537,0.0,0.116408689462764,183759
2008-04-23,41.624,26.383,0.0,0.0964217315957348,183759
2008-04-24,43.539,25.234,0.0,0.127073843442156,183759
2008-04-25,40.609,27.797,0.0,0.187858977629356,183759
2008-04-26,42.26,25.786,0.0,0.234282008503662,183759
2008-04-27,41.105,26.488,0.0,0.196160741819878,183759
2008-04-28,41.748,27.557,0.0,0.170722934048206,183759
2008-04-29,41.759,26.539,0.0,0.170801781041589,183759
2008-04-30,42.569,25.775,0.0,0.130441222905134,183759
2008-05-01,41.767,26.838,0.0,0.163421197288621,183759
2008-05-02,40.645,26.277,0.0,0.140116688877419,183759
2008-05-03,39.948,23.734,0.0,0.11994109432318,183759
2008-05-04,40.31,23.708,0.0,0.185341261738663,183759
2008-05-05,39.281,23.579,0.0,0.222320549800455,183759
2008-05-06,38.905,24.007,0.0,0.252590622936584,183759
2008-05-07,38.787,23.013,0.0,0.275516775566067,183759
2008-05-08,40.631,26.359,0.0,0.226032226095317,183759
2008-05-09,39.431,25.508,0.0,0.251511189884945,183759
2008-05-10,39.275,24.676,0.0,0.261053300735281,183759
2008-05-11,39.242,24.88,0.0,0.258491499721452,183759
2008-05-12,39.06,25.223,0.0,0.231368061274016,183759
2008-05-13,40.318,24.021,0.0,0.225455643798673,183759
2008-05-14,39.876,26.001,0.0,0.245086536973201,183759
2008-05-15,40.085,24.388,0.0,0.264488553939958,183759
2008-05-16,39.51,24.69,0.0,0.26919511073671,183759
2008-05-17,39.401,24.113,0.0,0.27552638204851,183759
2008-05-18,39.255,24.168,0.0,0.311947768605589,183759
2008-05-19,39.453,24.196,0.0,0.34858113181482,183759
2008-05-20,38.758,25.833,0.0102996864,0.356511246542046,183759
2008-05-21,38.027,25.556,0.333023004,0.366083009363687,183759
2008-05-22,38.284,24.901,1.385308044,0.416008351075787,183759
2008-05-23,39.949,25.84,0.0,0.363891830490656,183759
2008-05-24,40.698,26.451,0.0,0.345451717677498,183759
2008-05-25,41.803,26.065,0.0,0.308396580534325,183759
2008-05-26,39.842,27.218,0.0,0.261616018225323,183759
2008-05-27,38.465,27.05,0.0,0.291476717220164,183759
2008-05-28,38.348,26.968,0.0171661392,0.300341400556681,183759
2008-05-29,38.623,28.192,0.21114378,0.286703010319958,183759
2008-05-30,38.127,26.162,0.0549316368,0.338685956774531,183759
2008-05-31,38.657,25.788,0.0,0.325195041055745,183759
2008-06-01,40.072,25.788,0.0,0.31944301896914,183759
2008-06-02,38.682,26.197,2.180099592,0.374161529607022,183759
2008-06-03,35.374,27.733,1.3458249,0.413212593669063,183759
2008-06-04,39.732,27.995,3.28903308,0.357428198224236,183759
2008-06-05,37.276,26.054,6.4201406544,0.456014794294079,183759
2008-06-06,35.42,25.551,12.94326684,0.512555347584175,183759
2008-06-07,34.936,24.548,4.98848292,0.541225020364072,183759
2008-06-08,31.425,24.252,12.486654144,0.625216700368046,183759
2008-06-09,28.779,22.946,0.7896415752,0.641375607733192,183759
2008-06-10,29.638,24.143,0.3948211656,0.666895276486569,183759
2008-06-11,30.893,22.994,1.0969166016,0.672713863312597,183759
2008-06-12,27.75,22.697,1.4865876288,0.704930351953299,183759
2008-06-13,29.367,21.877,0.18882738,0.680520478949878,183759
2008-06-14,28.75,22.154,0.6660465912,0.701760518269923,183759
2008-06-15,28.764,22.83,0.408554208,0.637298793487087,183759
2008-06-16,32.471,23.167,0.4394530224,0.591585277497193,183759
2008-06-17,32.244,22.795,0.1064300616,0.558818839078341,183759
2008-06-18,32.954,23.852,0.1235961432,0.567443404398611,183759
2008-06-19,34.252,23.87,0.0102996792,0.538239882575249,183759
2008-06-20,34.621,22.935,0.0,0.549069063617114,183759
2008-06-21,31.915,22.883,0.065231352,0.579730550121936,183759
2008-06-22,33.438,23.694,0.1373291424,0.549014511857046,183759
2008-06-23,33.374,22.92,1.7578118304,0.566946787908781,183759
2008-06-24,34.656,23.111,0.212860188,0.538406489517723,183759
2008-06-25,31.114,23.904,1.802444652,0.620397206797753,183759
2008-06-26,29.925,23.874,8.401109004,0.650281869510493,183759
2008-06-27,31.21,23.301,5.70259512,0.629409727604175,183759
2008-06-28,32.802,22.827,0.26092512,0.594415133905378,183759
2008-06-29,28.933,23.754,0.2128601592,0.633428362336714,183759
2008-06-30,28.512,23.574,0.4634855064,0.672138167683638,183759
2008-07-01,27.837,23.271,0.1441955808,0.685569175273395,183759
2008-07-02,32.039,22.806,0.066947904,0.646055211953175,183759
2008-07-03,33.231,23.411,0.1750946616,0.593288037782125,183759
2008-07-04,25.886,23.272,6.6415806864,0.746746904133705,183759
2008-07-05,31.387,23.311,0.8368493328,0.675484565020116,183759
2008-07-06,33.501,23.747,2.0702382912,0.598519613490916,183759
2008-07-07,32.87,23.354,2.5388716392,0.596074007494511,183759
2008-07-08,31.096,23.238,0.8797649976,0.620816451833504,183759
2008-07-09,31.017,23.882,3.6083209464,0.619485080515989,183759
2008-07-10,30.408,23.658,0.5407339032,0.60032180714829,183759
2008-07-11,28.338,23.517,0.3544807464,0.62904746725219,183759
2008-07-12,32.375,22.911,1.2591354384,0.58608600154192,183759
2008-07-13,33.279,23.551,0.1613618568,0.567450188478559,183759
2008-07-14,34.682,23.417,0.0034332264,0.53598510012247,183759
2008-07-15,35.266,23.12,0.58879872,0.548665664338203,183759
2008-07-16,34.596,23.96,2.3612027184,0.568214884831768,183759
2008-07-17,35.51,22.963,0.11501316,0.528682398698177,183759
2008-07-18,34.847,23.649,3.2564142792,0.536046770505968,183759
2008-07-19,34.53,23.62,0.3673553616,0.515523972983908,183759
2008-07-20,34.743,24.224,4.9490001144,0.534311297330815,183759
2008-07-21,34.764,23.846,7.6578127488,0.533814875630348,183759
2008-07-22,33.223,23.704,3.2306671656,0.545465438168497,183759
2008-07-23,35.646,24.431,0.176811156,0.469900771951197,183759
2008-07-24,30.972,23.913,7.206343668,0.661884393136822,183759
2008-07-25,26.442,22.356,5.617616796,0.814851162430455,183759
2008-07-26,26.607,21.579,14.7319775064,0.846082863771988,183759
2008-07-27,26.757,20.952,1.764679104,0.80952423314378,183759
2008-07-28,25.793,21.195,0.6943704984,0.805333525442633,183759
2008-07-29,25.714,21.406,0.5716319472,0.799435978634679,183759
2008-07-30,26.015,21.664,0.8943558984,0.804143056949547,183759
2008-07-31,26.048,21.322,1.4196400344,0.82953543688757,183759
2008-08-01,25.462,21.665,0.6823545048,0.829666884763191,183759
2008-08-02,28.658,21.302,0.7810595856,0.781725910869975,183759
2008-08-03,28.109,22.367,1.3320921168,0.776284608470571,183759
2008-08-04,27.141,22.066,6.59780532,0.813794142803112,183759
2008-08-05,23.403,22.003,19.38915576,0.900217074096387,183759
2008-08-06,25.292,21.13,45.3906954,0.891471628882609,183759
2008-08-07,24.319,21.514,4.996204488,0.86958035459293,183759
2008-08-08,25.845,21.644,3.5465247,0.852648060313581,183759
2008-08-09,23.89,21.209,11.7124524,0.904536825906965,183759
2008-08-10,23.731,21.383,7.958223684,0.911837340749705,183759
2008-08-11,25.043,21.376,1.3870242288,0.874375319678321,183759
2008-08-12,25.298,21.859,2.231597772,0.869669543431113,183759
2008-08-13,24.101,21.742,4.483794564,0.895480920732892,183759
2008-08-14,24.016,22.033,5.554963188,0.910237683861627,183759
2008-08-15,25.567,21.351,6.1368939,0.880296857738677,183759
2008-08-16,26.051,21.227,6.2913918312,0.876705961197721,183759
2008-08-17,26.272,20.949,3.524209416,0.849286619464969,183759
2008-08-18,26.838,21.031,0.3107069712,0.822468714228449,183759
2008-08-19,28.572,22.382,0.33817302,0.779368415691895,183759
2008-08-20,30.909,19.977,0.0,0.698355194095799,183759
2008-08-21,31.078,20.799,0.0308990304,0.607329980283416,183759
2008-08-22,30.791,18.817,0.0,0.624025260845292,183759
2008-08-23,31.763,19.612,0.0,0.600964876541001,183759
2008-08-24,27.175,22.191,0.2643584472,0.674745325645185,183759
2008-08-25,34.467,23.183,13.90285728,0.679094572846974,183759
2008-08-26,27.047,23.14,46.5871824,0.87541822581553,183759
2008-08-27,30.28,21.222,9.523776852,0.79155309644735,183759
2008-08-28,32.156,21.816,15.9833907864,0.800349365868328,183759
2008-08-29,32.3,22.624,12.38108148,0.773465703181265,183759
2008-08-30,31.358,23.631,7.915309452,0.811054179582369,183759
2008-08-31,28.233,23.745,27.11391192,0.877095189825722,183759
2008-09-01,24.707,22.694,9.374424552,0.919258578727009,183759
2008-09-02,29.259,22.178,25.591272408,0.876106735349996,183759
2008-09-03,28.59,21.706,12.4591824,0.868907320102823,183759
2008-09-04,31.54,22.383,15.852925692,0.851429211389967,183759
2008-09-05,28.978,22.893,46.997451,0.882758616299681,183759
2008-09-06,27.601,22.178,8.505805212,0.864839368820996,183759
2008-09-07,27.534,22.677,14.361190452,0.888302573563774,183759
2008-09-08,27.317,22.134,25.63932852,0.908471825520682,183759
2008-09-09,24.385,22.359,52.3395612,0.956275200807239,183759
2008-09-10,28.477,21.817,22.39151004,0.912574399198783,183759
2008-09-11,28.051,22.107,26.377503984,0.899578881256718,183759
2008-09-12,25.904,22.533,45.0542304,0.940784279177234,183759
2008-09-13,23.439,20.522,15.140534868,0.920214028293863,183759
2008-09-14,24.12,20.289,1.922607324,0.914933875793521,183759
2008-09-15,24.388,20.749,2.997206604,0.90776146451391,183759
2008-09-16,25.347,20.285,9.075739572,0.918445349376904,183759
2008-09-17,23.679,20.214,1.031684112,0.904708497771987,183759
2008-09-18,26.345,19.925,0.549316548,0.866807180235852,183759
2008-09-19,22.917,20.787,10.30311936,0.91947226854432,183759
2008-09-20,27.589,20.822,6.085399752,0.899310718953053,183759
2008-09-21,26.103,21.519,2.660750964,0.906694350553187,183759
2008-09-22,27.713,21.02,2.437591788,0.874317410052707,183759
2008-09-23,27.631,21.005,0.882339336,0.856284063154192,183759
2008-09-24,25.538,20.206,4.6073865312,0.884187748535124,183759
2008-09-25,28.209,19.448,2.210998284,0.832588757777676,183759
2008-09-26,28.229,19.516,0.312423876,0.812932825755626,183759
2008-09-27,28.469,19.235,0.1853944128,0.793734100962431,183759
2008-09-28,30.592,20.175,0.0,0.711974612298537,183759
2008-09-29,31.867,20.119,0.0,0.654283527280084,183759
2008-09-30,30.0,18.201,0.0,0.624727961659573,183759
2008-10-01,30.515,17.87,0.0,0.606455137415383,183759
2008-10-02,21.833,20.423,3.100205592,0.830227955833191,183759
2008-10-03,28.801,19.622,10.60695756,0.814187996730169,183759
2008-10-04,28.683,20.435,9.733196556,0.834315428002456,183759
2008-10-05,29.076,20.291,17.55237708,0.830597132017426,183759
2008-10-06,30.642,20.465,14.623833348,0.837126549654447,183759
2008-10-07,28.548,21.704,20.207974536,0.853854964176152,183759
2008-10-08,23.835,20.718,37.394703648,0.933777202501835,183759
2008-10-09,28.437,19.735,8.4920843808,0.868489359576617,183759
2008-10-10,28.639,21.739,18.09311904,0.855717180641386,183759
2008-10-11,28.921,21.022,3.247837776,0.801833669534756,183759
2008-10-12,30.095,20.147,1.40762484,0.718797978200876,183759
2008-10-13,30.26,19.497,0.0,0.586968269286922,183759
2008-10-14,30.873,16.271,0.0,0.518255325467687,183759
2008-10-15,30.49,18.036,0.0,0.503525416497733,183759
2008-10-16,30.765,18.811,0.0,0.598828110736169,183759
2008-10-17,30.68,20.504,0.0068664528,0.704425242016143,183759
2008-10-18,25.543,21.442,9.486008712,0.860240261929742,183759
2008-10-19,30.701,20.806,0.760460436,0.705399427313539,183759
2008-10-20,29.987,18.672,0.0,0.452860888574631,183759
2008-10-21,30.533,19.61,0.0,0.418449270112631,183759
2008-10-22,30.288,19.044,0.0,0.409784467897152,183759
2008-10-23,30.121,19.368,0.0,0.502078469495677,183759
2008-10-24,30.206,19.241,0.0,0.40983941434245,183759
2008-10-25,29.902,15.953,0.0,0.397241349734253,183759
2008-10-26,31.044,15.361,0.0,0.42062711825467,183759
2008-10-27,31.63,14.468,0.0,0.395490844028015,183759
2008-10-28,32.147,14.576,0.0,0.347053202056243,183759
2008-10-29,32.745,15.034,0.0,0.375774315794957,183759
2008-10-30,31.782,15.213,0.0,0.365922749559573,183759
2008-10-31,31.687,16.149,0.0,0.35130940574955,183759
2008-11-01,31.862,14.239,0.0,0.394332733820255,183759
2008-11-02,32.027,16.194,0.0,0.341583539489193,183759
2008-11-03,31.786,16.5,0.0,0.342382327908836,183759
2008-11-04,31.992,14.825,0.0,0.36970379872483,183759
2008-11-05,31.105,15.007,0.0,0.35930198897112,183759
2008-11-06,31.571,15.136,0.0,0.381158393149731,183759
2008-11-07,31.413,16.212,0.0,0.389077572098516,183759
2008-11-08,31.135,14.895,0.0,0.370629262516078,183759
2008-11-09,30.617,14.909,0.0,0.41724495425203,183759
2008-11-10,30.119,16.817,0.0,0.442360275154177,183759
2008-11-11,32.041,17.059,0.0,0.415496124941516,183759
2008-11-12,32.39,18.291,0.0,0.45698967349905,183759
2008-11-13,32.048,20.562,0.0,0.409418493257235,183759
2008-11-14,30.378,18.64,0.0,0.39260681649438,183759
2008-11-15,29.831,17.096,0.0,0.406627802688301,183759
2008-11-16,28.226,20.162,0.0394821144,0.548255754020105,183759
2008-11-17,27.558,21.329,6.233023296,0.777289136282276,183759
2008-11-18,30.126,19.291,0.010299672,0.719033263574066,183759
2008-11-19,30.029,19.579,2.4959565288,0.706233070796721,183759
2008-11-20,28.671,20.758,8.90578566,0.758736490066191,183759
2008-11-21,28.101,20.443,18.25962156,0.835811220963729,183759
2008-11-22,28.769,20.313,0.851440284,0.79282609886932,183759
2008-11-23,28.438,20.338,0.1064300328,0.645898158035379,183759
2008-11-24,28.563,17.545,0.0,0.505866485786716,183759
2008-11-25,26.915,16.166,0.0,0.463791595757394,183759
2008-11-26,27.316,15.535,0.0,0.396415368727646,183759
2008-11-27,26.913,15.243,0.0,0.370144647709038,183759
2008-11-28,20.752,18.355,5.41076652,0.651742195450292,183759
2008-11-29,23.284,18.96,2.902794912,0.884273715177875,183759
2008-11-30,25.251,19.954,9.1461175776,0.879272176038819,183759
2008-12-01,27.605,20.946,13.04454852,0.839994640123392,183759
2008-12-02,29.618,20.761,2.307127752,0.743956001323312,183759
2008-12-03,29.927,18.038,0.0,0.605800800262173,183759
2008-12-04,30.216,17.98,0.0,0.420574148133777,183759
2008-12-05,29.664,17.029,0.0,0.391121780253244,183759
2008-12-06,28.924,15.326,0.0,0.381139492890044,183759
2008-12-07,29.141,14.285,0.0,0.335374710446362,183759
2008-12-08,29.092,15.16,0.0,0.363934469130502,183759
2008-12-09,29.703,15.735,0.0,0.417379102448212,183759
2008-12-10,29.504,16.028,0.0,0.509413466263025,183759
2008-12-11,30.488,17.693,0.0,0.473628865985995,183759
2008-12-12,28.229,18.395,0.0,0.551592961422106,183759
2008-12-13,29.454,19.143,0.0,0.4894546528553,183759
2008-12-14,30.256,17.409,0.0,0.438492932267885,183759
2008-12-15,29.152,15.969,0.0,0.456528652013088,183759
2008-12-16,28.648,16.534,0.0,0.503503705952612,183759
2008-12-17,29.507,17.234,0.0,0.45078769734965,183759
2008-12-18,29.596,16.279,0.0,0.371689246732245,183759
2008-12-19,29.105,14.992,0.0,0.425790827603634,183759
2008-12-20,29.007,16.271,0.0,0.545902232994227,183759
2008-12-21,27.901,15.843,0.0,0.395985655070001,183759
2008-12-22,29.641,14.832,0.0,0.339578303316659,183759
2008-12-23,29.714,16.72,0.0,0.396914168271632,183759
2008-12-24,29.965,16.39,0.0,0.416129041802183,183759
2008-12-25,29.654,16.098,0.0,0.35854887634986,183759
2008-12-26,29.373,14.187,0.0,0.285194414683776,183759
2008-12-27,29.882,11.83,0.0,0.276453709953099,183759
2008-12-28,28.54,11.468,0.0,0.275198749414968,183759
2008-12-29,28.605,11.643,0.0,0.259110630394388,183759
2008-12-30,28.56,13.26,0.0,0.273088439155524,183759
2008-12-31,28.607,12.352,0.0,0.266678221248712,183759
2009-01-01,28.772,13.52,0.0,0.269074307539554,183759
2009-01-02,28.386,14.364,0.0,0.405506509654311,183759
2009-01-03,27.694,15.053,0.0,0.457147941779382,183759
2009-01-04,28.045,14.696,0.0,0.511362335193541,183759
2009-01-05,28.164,14.088,0.0,0.473937380903723,183759
2009-01-06,27.877,18.746,0.0,0.40864664969229,183759
2009-01-07,28.147,15.491,0.0,0.476521229158714,183759
2009-01-08,28.864,16.247,0.0,0.413860101790153,183759
2009-01-09,28.259,18.879,0.0137329056,0.570904713033023,183759
2009-01-10,29.722,18.746,0.0,0.469262500928725,183759
2009-01-11,29.865,17.745,0.0,0.392586366768631,183759
2009-01-12,28.527,18.095,0.0,0.406179251107688,183759
2009-01-13,29.464,15.666,0.0,0.424739804756518,183759
2009-01-14,29.741,16.024,0.0,0.396177771904385,183759
2009-01-15,29.159,15.81,0.0,0.396761361277166,183759
2009-01-16,29.606,15.479,0.0,0.399151237297219,183759
2009-01-17,29.04,15.941,0.0,0.410033792783721,183759
2009-01-18,30.04,16.3,0.0,0.342960882424687,183759
2009-01-19,30.466,15.77,0.0,0.30884010487649,183759
2009-01-20,31.072,15.987,0.0,0.300485183613801,183759
2009-01-21,30.458,15.925,0.0,0.305827697487294,183759
2009-01-22,31.182,15.819,0.0,0.285409896339779,183759
2009-01-23,32.153,15.165,0.0,0.212540518620891,183759
2009-01-24,32.897,17.134,0.0,0.19314575230582,183759
2009-01-25,33.116,17.075,0.0,0.275549904889266,183759
2009-01-26,33.036,16.928,0.0,0.248422833141659,183759
2009-01-27,31.783,15.927,0.0,0.285484744088834,183759
2009-01-28,32.656,16.298,0.0,0.216899429827492,183759
2009-01-29,32.629,14.987,0.0,0.257800690870821,183759
2009-01-30,33.204,18.407,0.0,0.233786778089536,183759
2009-01-31,33.565,18.115,0.0,0.243999234906292,183759
2009-02-01,33.946,15.515,0.0,0.263444665796001,183759
2009-02-02,33.812,18.978,0.0,0.227069293844573,183759
2009-02-03,33.116,17.192,0.0,0.210205131594386,183759
2009-02-04,32.704,16.068,0.0,0.211277148395515,183759
2009-02-05,32.155,16.86,0.0,0.20104117926775,183759
2009-02-06,32.832,16.919,0.0,0.213911859423104,183759
2009-02-07,32.795,18.12,0.0,0.21552545625333,183759
2009-02-08,32.42,17.28,0.0,0.210265242353536,183759
2009-02-09,32.979,19.06,0.0,0.292259132641883,183759
2009-02-10,32.629,16.447,0.0,0.269249214697144,183759
2009-02-11,32.256,17.561,0.0,0.249549619909679,183759
2009-02-12,32.549,17.388,0.0,0.217091112031319,183759
2009-02-13,32.5,15.581,0.0,0.236779196301465,183759
2009-02-14,33.938,17.987,0.0,0.226400967643265,183759
2009-02-15,33.275,19.157,0.0,0.230068229042826,183759
2009-02-16,33.596,20.1,0.0,0.232887377566172,183759
2009-02-17,33.0,21.927,0.0,0.290008051230068,183759
2009-02-18,33.057,22.72,0.0,0.294491114220166,183759
2009-02-19,34.516,18.279,0.0,0.260964491164876,183759
2009-02-20,34.734,19.539,0.0,0.255459929179126,183759
2009-02-21,34.359,17.843,0.0,0.267415851299943,183759
2009-02-22,35.424,18.544,0.0,0.245733072119145,183759
2009-02-23,34.701,17.936,0.0,0.254000064477953,183759
2009-02-24,35.848,20.11,0.0,0.204070786698264,183759
2009-02-25,36.322,19.004,0.0,0.141896098553954,183759
2009-02-26,36.985,20.022,0.0,0.143111471000995,183759
2009-02-27,36.606,20.395,0.0,0.135527225776964,183759
2009-02-28,36.682,20.731,0.0,0.156325224058188,183759
2009-03-01,37.228,20.228,0.0,0.146362236986197,183759
2009-03-02,37.072,21.701,0.0,0.134727542839379,183759
2009-03-03,39.135,20.492,0.0,0.132819281845138,183759
2009-03-04,38.761,18.843,0.0,0.116609699747851,183759
2009-03-05,39.224,21.038,0.0,0.131900795893133,183759
2009-03-06,38.864,22.166,0.0,0.135495279695971,183759
2009-03-07,38.111,21.215,0.0,0.147041392031343,183759
2009-03-08,37.212,21.646,0.0,0.161046440363728,183759
2009-03-09,37.535,22.452,0.0,0.18978031233323,183759
2009-03-10,35.996,23.704,0.0,0.176660715841514,183759
2009-03-11,36.315,19.818,0.0,0.266913740572815,183759
2009-03-12,36.386,21.608,0.0,0.332459634403622,183759
2009-03-13,34.214,26.248,0.0,0.222689329141683,183759
2009-03-14,34.94,22.911,0.0,0.289427263245043,183759
2009-03-15,36.006,21.094,0.0137329056,0.289371950214771,183759
2009-03-16,36.265,23.487,0.0,0.217734667140312,183759
2009-03-17,36.37,24.334,0.0,0.154178395006282,183759
2009-03-18,37.587,21.884,0.0,0.148080527199874,183759
2009-03-19,39.279,23.927,0.0,0.148675702683858,183759
2009-03-20,39.098,24.399,0.0,0.162168706689245,183759
2009-03-21,36.314,21.793,0.0,0.153344909724775,183759
2009-03-22,37.623,19.878,0.0,0.142001427138597,183759
2009-03-23,33.849,21.942,0.0411987384,0.26767169823268,183759
2009-03-24,36.581,23.619,0.1441956744,0.305095038924519,183759
2009-03-25,39.044,22.095,0.00686646,0.233017554773531,183759
2009-03-26,39.626,22.332,0.0,0.168890911127148,183759
2009-03-27,38.427,23.784,0.0,0.12303680846312,183759
2009-03-28,39.199,21.855,0.0,0.139294103701761,183759
2009-03-29,38.953,22.846,0.0,0.177726414181067,183759
2009-03-30,37.621,27.727,0.0,0.181611544446164,183759
2009-03-31,39.645,26.003,0.0,0.14296073745061,183759
2009-04-01,39.258,27.577,0.0,0.154436592858213,183759
2009-04-02,38.469,22.24,0.0,0.217238042349556,183759
2009-04-03,39.746,26.471,0.0,0.178851750091722,183759
2009-04-04,38.087,29.107,0.0,0.192184999080639,183759
2009-04-05,39.829,22.772,0.0,0.183698774135217,183759
2009-04-06,40.066,24.629,0.0,0.174364586340043,183759
2009-04-07,39.316,23.349,0.0,0.194684990923712,183759
2009-04-08,38.976,27.427,0.0,0.190900601618594,183759
2009-04-09,39.123,21.228,0.0,0.128668074860265,183759
2009-04-10,37.968,22.983,0.0,0.176658268728165,183759
2009-04-11,38.826,22.723,0.0,0.147503556951688,183759
2009-04-12,38.765,24.332,0.0,0.167885578288103,183759
2009-04-13,42.863,26.388,0.0,0.139106637770289,183759
2009-04-14,42.375,25.913,0.0,0.0966329872574754,183759
2009-04-15,40.35,24.07,0.0,0.131192675029286,183759
2009-04-16,40.107,24.888,0.0,0.142359328957354,183759
2009-04-17,39.427,28.191,0.0,0.155192580199786,183759
2009-04-18,41.332,25.936,0.0,0.122232874768601,183759
2009-04-19,41.98,25.251,0.0,0.109981455307972,183759
2009-04-20,42.193,25.772,0.0,0.171987716718317,183759
2009-04-21,40.002,25.962,0.0,0.252104886852976,183759
2009-04-22,40.017,24.917,0.0,0.185422399519443,183759
2009-04-23,39.153,23.927,0.0,0.161832425803088,183759
2009-04-24,39.686,25.421,0.0,0.120869805029887,183759
2009-04-25,41.053,25.693,0.0,0.122090059525228,183759
2009-04-26,40.293,23.185,0.0,0.229725427330808,183759
2009-04-27,41.148,22.73,0.0,0.12436560943239,183759
2009-04-28,43.698,22.49,0.0,0.0812096949211658,183759
2009-04-29,42.44,22.268,0.0,0.0967299370856206,183759
2009-04-30,44.811,24.159,0.0,0.190920210827578,183759
2009-05-01,44.496,26.044,0.0,0.236582098780805,183759
2009-05-02,40.777,27.7,0.0,0.170027857526436,183759
2009-05-03,44.305,27.181,0.0,0.12703699468211,183759
2009-05-04,41.587,27.561,0.0,0.14544923156194,183759
2009-05-05,44.633,25.813,0.0,0.156461114479053,183759
2009-05-06,40.13,28.082,0.0,0.239331600876237,183759
2009-05-07,40.118,29.445,0.0,0.185838624522986,183759
2009-05-08,42.988,25.825,0.0,0.161857441825732,183759
2009-05-09,41.6,29.74,0.0,0.132336016338401,183759
2009-05-10,41.852,26.336,0.0,0.148926058038222,183759
2009-05-11,41.057,25.794,0.0,0.184533130034387,183759
2009-05-12,41.57,25.813,0.0,0.196435556396499,183759
2009-05-13,42.16,25.976,0.0,0.252522265116099,183759
2009-05-14,41.087,26.813,0.0,0.279365826488699,183759
2009-05-15,40.489,25.705,0.1819612008,0.307731908594195,183759
2009-05-16,40.699,26.512,0.23002632,0.34053504818677,183759
2009-05-17,42.398,26.674,3.6975888,0.345700838197329,183759
2009-05-18,38.507,26.144,0.580215276,0.390226207920119,183759
2009-05-19,35.113,26.735,2.3654942712,0.448203032119465,183759
2009-05-20,36.344,24.845,26.7345291168,0.63931544157881,183759
2009-05-21,37.139,24.102,6.74629164,0.641802025423672,183759
2009-05-22,31.301,24.823,0.8926405128,0.616420317536184,183759
2009-05-23,37.844,24.784,0.109863288,0.487150411747195,183759
2009-05-24,36.11,24.26,1.10206602,0.416487472021086,183759
2009-05-25,38.565,23.65,0.14419548,0.346479009051113,183759
2009-05-26,38.675,25.593,0.0,0.366700440947645,183759
2009-05-27,39.989,25.292,0.0,0.305532054787384,183759
2009-05-28,40.465,26.234,0.0,0.298112014323229,183759
2009-05-29,37.986,26.229,0.072097812,0.353107436111349,183759
2009-05-30,40.09,25.337,0.0034332264,0.332054877698418,183759
2009-05-31,39.69,25.175,0.0,0.314545542161707,183759
2009-06-01,39.246,25.261,0.0102996792,0.35168265523314,183759
2009-06-02,39.493,26.837,0.0034332264,0.347494129637874,183759
2009-06-03,38.708,25.853,0.0,0.406228466539065,183759
2009-06-04,39.282,25.668,0.0068664528,0.42323613397005,183759
2009-06-05,38.237,25.641,0.0,0.449213776727331,183759
2009-06-06,38.493,26.161,1.2788777592,0.489633054721475,183759
2009-06-07,30.589,24.883,2.3414633064,0.666626885274567,183759
2009-06-08,34.668,23.088,0.0,0.576862603400208,183759
2009-06-09,34.061,23.013,0.0,0.500529960400035,183759
2009-06-10,37.707,24.424,0.353622312,0.496978587501954,183759
2009-06-11,35.21,24.667,8.461190052,0.535063934258874,183759
2009-06-12,33.972,24.662,1.179313884,0.507932199860416,183759
2009-06-13,38.275,24.059,0.0,0.404568965739475,183759
2009-06-14,37.796,25.77,0.0,0.378380382844413,183759
2009-06-15,38.972,24.443,0.0,0.363746477610126,183759
2009-06-16,40.334,25.27,0.0,0.346889617940611,183759
2009-06-17,39.555,25.709,0.0,0.364518378282963,183759
2009-06-18,42.585,26.745,1.8822698856,0.419255207250823,183759
2009-06-19,31.748,24.278,4.8048019128,0.603942501240767,183759
2009-06-20,35.523,25.065,2.2178673864,0.593728803760996,183759
2009-06-21,33.251,23.642,5.575564296,0.635189256034926,183759
2009-06-22,32.694,23.371,0.906374016,0.624252956577774,183759
2009-06-23,35.173,23.824,0.0326156688,0.574175772639859,183759
2009-06-24,34.377,24.353,10.6378528392,0.598182376984088,183759
2009-06-25,34.273,23.329,3.350828628,0.565041043490268,183759
2009-06-26,32.837,24.337,16.0082834544,0.627809959885189,183759
2009-06-27,30.082,23.38,33.285124548,0.729763681772794,183759
2009-06-28,30.64,22.706,5.6596773528,0.687196382526484,183759
2009-06-29,31.962,23.87,9.4722692256,0.671212739018958,183759
2009-06-30,34.916,23.748,1.0076506128,0.595037599694935,183759
2009-07-01,34.369,23.852,2.22301548,0.592794194374121,183759
2009-07-02,31.777,24.195,4.5129798792,0.651102480083529,183759
2009-07-03,29.161,24.024,1.3217931432,0.692360684213722,183759
2009-07-04,30.203,22.703,4.0065762384,0.701545486994484,183759
2009-07-05,28.745,22.234,6.9282538416,0.721654114054911,183759
2009-07-06,28.123,23.03,14.641858152,0.788105239766482,183759
2009-07-07,24.153,22.368,15.8143104,0.880621007744498,183759
2009-07-08,25.708,21.961,4.2537713904,0.853797253853514,183759
2009-07-09,25.958,21.532,7.63034436,0.840901400815531,183759
2009-07-10,25.473,21.611,2.38781052,0.830539336932806,183759
2009-07-11,27.265,22.374,1.914022224,0.780476670081044,183759
2009-07-12,28.922,21.974,2.609251704,0.752927444666209,183759
2009-07-13,27.088,23.194,0.9020806992,0.763813574365001,183759
2009-07-14,28.944,22.827,1.69944804,0.730592214877317,183759
2009-07-15,25.393,21.73,3.671837172,0.797804217933141,183759
2009-07-16,25.767,21.048,0.563907816,0.819702306367234,183759
2009-07-17,26.119,21.902,0.7784848368,0.795176095220439,183759
2009-07-18,30.546,22.195,0.2463340608,0.715813514676561,183759
2009-07-19,26.756,22.627,0.4274368704,0.726835259378544,183759
2009-07-20,26.571,22.614,3.9138786,0.75511577468235,183759
2009-07-21,26.945,23.251,1.0128024,0.770062795252714,183759
2009-07-22,25.611,22.027,12.744996876,0.823908665333416,183759
2009-07-23,24.758,21.797,2.52513756,0.849584479148696,183759
2009-07-24,24.899,22.109,1.735496532,0.83979727269336,183759
2009-07-25,26.158,22.341,1.753521984,0.824697383690147,183759
2009-07-26,25.74,22.483,2.075385924,0.815343290631415,183759
2009-07-27,25.613,22.291,2.4856568424,0.819122089159732,183759
2009-07-28,24.967,22.312,2.233314756,0.820977679356043,183759
2009-07-29,27.675,22.412,0.95014584,0.771102412653117,183759
2009-07-30,27.829,22.897,0.8583071688,0.75869650527695,183759
2009-07-31,26.914,22.657,0.599098932,0.759381986263456,183759
2009-08-01,26.141,23.352,1.270294488,0.756642557143837,183759
2009-08-02,27.18,22.438,1.096915968,0.748183653367779,183759
2009-08-03,28.938,22.123,1.5775682904,0.73521628005059,183759
2009-08-04,30.657,23.124,1.9972790424,0.661907909343748,183759
2009-08-05,33.16,22.863,1.0007861688,0.637898792786313,183759
2009-08-06,30.505,23.089,0.6986622888,0.644870191537357,183759
2009-08-07,29.199,22.721,0.3141402624,0.647183252372476,183759
2009-08-08,28.264,23.65,1.390457736,0.665321516884359,183759
2009-08-09,29.676,23.496,0.9819029376,0.677811612079197,183759
2009-08-10,29.064,23.651,4.8974961456,0.710539081982578,183759
2009-08-11,32.594,21.889,1.0110858264,0.648386289334248,183759
2009-08-12,34.032,23.464,0.0720977688,0.574198097685688,183759
2009-08-13,33.084,22.788,1.3681410768,0.60962747057694,183759
2009-08-14,35.019,22.54,0.3673552896,0.574367313760776,183759
2009-08-15,32.27,23.184,0.2695085568,0.571311332955893,183759
2009-08-16,32.01,23.079,2.0153046168,0.603303767811638,183759
2009-08-17,34.742,23.261,0.6317138736,0.555789115215164,183759
2009-08-18,33.975,23.99,10.4610438,0.650479236984352,183759
2009-08-19,31.532,23.789,28.53356076,0.758375190381824,183759
2009-08-20,27.556,23.641,25.05396888,0.874140290641981,183759
2009-08-21,28.849,22.8,9.95722092,0.84800719955513,183759
2009-08-22,28.2,22.512,1.6582492584,0.80813971288342,183759
2009-08-23,28.534,22.282,32.997583476,0.851840215590296,183759
2009-08-24,23.686,22.207,77.2304364,0.945507576191668,183759
2009-08-25,24.066,21.71,76.16273112,0.923159662034422,183759
2009-08-26,24.28,20.856,19.538487,0.913029196588795,183759
2009-08-27,26.732,20.704,3.404904732,0.874011349068544,183759
2009-08-28,29.148,20.453,1.8144610488,0.824901807345236,183759
2009-08-29,29.19,21.315,5.251123872,0.838135475113487,183759
2009-08-30,28.457,21.064,3.6031714128,0.81275263911458,183759
2009-08-31,29.691,21.486,2.5491769776,0.793252889335483,183759
2009-09-01,29.294,21.507,19.9041386904,0.824820815791385,183759
2009-09-02,23.421,22.259,53.81924544,0.943927776967004,183759
2009-09-03,25.939,21.302,12.16735848,0.909514871287331,183759
2009-09-04,25.313,20.863,4.50096138,0.918898220136944,183759
2009-09-05,26.122,21.234,4.665759084,0.900071080338162,183759
2009-09-06,25.701,21.385,6.214144788,0.907531284412629,183759
2009-09-07,23.104,20.81,1.222228872,0.931011254862522,183759
2009-09-08,29.393,20.627,2.228163264,0.833383937259457,183759
2009-09-09,30.656,20.053,0.629996832,0.783785802224999,183759
2009-09-10,30.815,21.729,3.549955104,0.768139109729375,183759
2009-09-11,30.296,21.572,9.1993302,0.807251490472081,183759
2009-09-12,31.235,21.404,8.442306216,0.840395755133772,183759
2009-09-13,30.498,22.113,6.342884964,0.83374324546703,183759
2009-09-14,33.444,21.374,4.016877624,0.748444737073482,183759
2009-09-15,31.81,21.224,9.729758772,0.763918779502983,183759
2009-09-16,25.139,21.332,10.78376832,0.885729204668924,183759
2009-09-17,29.933,20.328,1.421356212,0.790049412527522,183759
2009-09-18,30.986,20.019,0.7982254584,0.68805996538182,183759
2009-09-19,28.695,22.474,0.78277608,0.73502054000552,183759
2009-09-20,32.82,20.868,0.2334593304,0.641535160813612,183759
2009-09-21,32.974,23.098,0.00686646,0.607244126399619,183759
2009-09-22,33.819,22.207,0.0,0.576438270529314,183759
2009-09-23,35.506,22.543,1.625633604,0.593121421722754,183759
2009-09-24,35.427,22.534,3.5533903464,0.661774962259142,183759
2009-09-25,35.35,22.056,0.20942676,0.606981589969543,183759
2009-09-26,34.312,22.095,0.0,0.536468408520559,183759
2009-09-27,32.371,21.552,0.30212424,0.56035058674709,183759
2009-09-28,31.033,21.998,26.8306701984,0.712978999524964,183759
2009-09-29,30.4,22.765,5.877684,0.809260988772144,183759
2009-09-30,28.802,22.532,12.59308458,0.879401708623604,183759
2009-10-01,29.19,22.623,3.271866804,0.828518321820964,183759
2009-10-02,25.922,21.834,12.263492232,0.910403893355499,183759
2009-10-03,26.639,22.632,20.49636024,0.917779749558984,183759
2009-10-04,22.801,21.633,8.80622964,0.943905857490437,183759
2009-10-05,24.384,21.908,7.820893116,0.933294573017715,183759
2009-10-06,27.342,21.602,2.44960686,0.893967276159641,183759
2009-10-07,28.346,21.255,2.914811604,0.843156366912101,183759
2009-10-08,27.978,20.194,1.785277548,0.800200785657953,183759
2009-10-09,27.668,19.139,0.0343322928,0.793789796925367,183759
2009-10-10,29.009,18.444,0.894355812,0.740690270298831,183759
2009-10-11,28.899,21.07,0.11672964,0.699725589250375,183759
2009-10-12,28.437,20.881,0.0,0.659952715372526,183759
2009-10-13,30.17,20.259,0.302124348,0.643341088437305,183759
2009-10-14,30.084,17.296,0.0,0.614158737628457,183759
2009-10-15,30.158,17.355,0.0,0.533688508497507,183759
2009-10-16,31.195,18.534,0.0,0.557295922146633,183759
2009-10-17,31.938,22.025,0.0,0.518607986971016,183759
2009-10-18,28.991,20.821,0.0,0.558095783501781,183759
2009-10-19,31.153,20.916,0.0,0.485565602865794,183759
2009-10-20,31.633,21.136,0.0,0.507835283587941,183759
2009-10-21,30.967,20.699,0.0,0.492923431353636,183759
2009-10-22,29.074,18.335,0.0,0.541516055457303,183759
2009-10-23,30.316,17.353,0.0,0.471841877070344,183759
2009-10-24,30.915,14.657,0.0,0.419915536871217,183759
2009-10-25,30.223,14.764,0.0,0.412945997051093,183759
2009-10-26,30.32,16.914,0.0,0.435393934907476,183759
2009-10-27,30.244,16.902,0.0,0.387415507816945,183759
2009-10-28,31.054,16.972,0.0,0.425198160744911,183759
2009-10-29,31.269,18.03,0.0,0.370194068179944,183759
2009-10-30,31.375,20.491,0.0,0.315028964076191,183759
2009-10-31,31.253,17.766,0.0,0.347631586292484,183759
2009-11-01,31.383,16.75,0.0,0.331927944364518,183759
2009-11-02,30.871,17.208,0.0,0.320995321683482,183759
2009-11-03,30.337,16.985,0.0,0.365298750770264,183759
2009-11-04,30.881,16.951,0.0,0.442624650262535,183759
2009-11-05,31.006,17.305,0.0,0.510522882983238,183759
2009-11-06,30.422,20.495,0.0,0.545274815670766,183759
2009-11-07,30.651,19.549,3.06071532,0.67491541685797,183759
2009-11-08,30.437,20.663,6.55403256,0.750496277690383,183759
2009-11-09,22.893,21.377,67.0371984,0.929364063121933,183759
2009-11-10,27.33,20.368,9.7331924304,0.833885644665116,183759
2009-11-11,24.679,20.976,9.30061728,0.872411946860034,183759
2009-11-12,24.696,20.66,0.6111146952,0.868593082051146,183759
2009-11-13,23.611,20.205,2.4255752544,0.902721463859876,183759
2009-11-14,27.295,19.801,4.8666060504,0.860514069275867,183759
2009-11-15,28.686,19.736,1.68056244,0.781947841204821,183759
2009-11-16,26.319,20.942,4.56276024,0.85830307950116,183759
2009-11-17,25.348,21.207,30.9196548864,0.926727700302548,183759
2009-11-18,22.143,20.794,5.496596964,0.912153403383395,183759
2009-11-19,26.998,17.457,0.010299672,0.798448298723197,183759
2009-11-20,26.134,16.537,0.0,0.691222817573391,183759
2009-11-21,25.777,15.347,0.0,0.627543103320746,183759
2009-11-22,27.438,14.255,0.0,0.586120478807807,183759
2009-11-23,28.483,14.98,0.0,0.575724339303425,183759
2009-11-24,28.726,15.385,0.0,0.56992411498985,183759
2009-11-25,29.897,15.776,0.0,0.568520542866174,183759
2009-11-26,29.351,17.027,0.0,0.567364504754357,183759
2009-11-27,27.799,18.617,0.0,0.581600514147759,183759
2009-11-28,27.06,16.182,0.0,0.495723138259031,183759
2009-11-29,26.172,14.006,0.0,0.460237443512122,183759
2009-11-30,26.859,13.969,0.0,0.500976439733788,183759
2009-12-01,27.41,13.719,0.0,0.491052353462715,183759
2009-12-02,27.27,14.3,0.0,0.518109053627384,183759
2009-12-03,28.28,15.194,0.0,0.485120094891141,183759
2009-12-04,29.019,16.632,0.0,0.469841152521802,183759
2009-12-05,28.864,16.818,0.0,0.478194267848912,183759
2009-12-06,28.831,15.268,0.0,0.46213085782178,183759
2009-12-07,28.918,15.289,0.0,0.521724494529739,183759
2009-12-08,29.037,15.923,0.0,0.480060201750046,183759
2009-12-09,28.721,15.678,0.0,0.546813124528041,183759
2009-12-10,28.53,19.572,0.0,0.474094822776161,183759
2009-12-11,28.915,17.528,0.0,0.482252805008727,183759
2009-12-12,28.337,15.675,0.0,0.462539909677556,183759
2009-12-13,28.777,15.998,0.0,0.502488340773646,183759
2009-12-14,29.495,16.705,0.0,0.51006491220414,183759
2009-12-15,30.088,20.031,0.058364892,0.487893683804754,183759
2009-12-16,29.438,17.301,0.0,0.506325339565483,183759
2009-12-17,28.128,16.096,0.37765476,0.59818190877287,183759
2009-12-18,24.294,17.831,0.6076810872,0.796613013561409,183759
2009-12-19,28.767,16.867,0.04119876,0.631575189585176,183759
2009-12-20,29.038,17.822,0.0,0.525398383290808,183759
2009-12-21,28.728,17.437,0.0,0.483467366402497,183759
2009-12-22,28.018,16.342,0.0,0.430027615113925,183759
2009-12-23,27.825,17.714,0.0,0.307923571409857,183759
2009-12-24,27.591,13.911,0.0,0.28448732873088,183759
2009-12-25,26.911,12.579,0.0,0.284885271558573,183759
2009-12-26,27.093,14.127,0.0,0.366800927190023,183759
2009-12-27,29.398,19.107,0.0,0.404365155659793,183759
2009-12-28,28.619,20.177,0.06179814,0.572813245025955,183759
2009-12-29,22.592,18.972,0.98361954,0.790172859860095,183759
2009-12-30,22.28,16.921,3.951646704,0.874733430868752,183759
2009-12-31,27.757,15.126,0.0411987384,0.626931271588692,183759
2010-01-01,27.887,15.59,0.0,0.443382970324483,183759
2010-01-02,28.565,16.631,0.0,0.385143645277843,183759
2010-01-03,29.163,16.076,0.0,0.370039018013193,183759
2010-01-04,30.053,15.648,0.0,0.388848586438153,183759
2010-01-05,28.171,15.393,0.0,0.443937774135291,183759
2010-01-06,27.794,15.678,0.0,0.445212234394952,183759
2010-01-07,27.248,14.844,0.0,0.365636838509533,183759
2010-01-08,27.251,14.105,0.0,0.36547471460388,183759
2010-01-09,28.242,15.725,0.0,0.349244466695351,183759
2010-01-10,29.657,17.102,0.0,0.467808734430898,183759
2010-01-11,30.1,17.327,0.00686646,0.605643020945339,183759
2010-01-12,26.557,21.095,13.99211856,0.734931282465002,183759
2010-01-13,26.618,18.342,0.30212388,0.654670815985833,183759
2010-01-14,27.252,16.334,0.0,0.539256769482945,183759
2010-01-15,28.387,17.312,0.0,0.645829254305941,183759
2010-01-16,27.955,17.474,0.0,0.469467912625231,183759
2010-01-17,28.244,16.362,0.0,0.471755835138122,183759
2010-01-18,27.361,16.34,0.0,0.47000396464946,183759
2010-01-19,27.991,15.428,0.0,0.426959500677593,183759
2010-01-20,28.143,15.618,0.0,0.331669656933893,183759
2010-01-21,27.741,14.908,0.0,0.255953105804033,183759
2010-01-22,27.98,13.08,0.0,0.21817195441743,183759
2010-01-23,27.239,13.336,0.0,0.237569767492981,183759
2010-01-24,27.954,13.879,0.0,0.273136846392569,183759
2010-01-25,27.671,15.121,0.0,0.360562566070096,183759
2010-01-26,28.107,17.617,0.0,0.348810111529349,183759
2010-01-27,27.653,16.147,0.0,0.317835627153061,183759
2010-01-28,29.196,15.595,0.0,0.350784748907895,183759
2010-01-29,27.985,16.636,0.0,0.482726299332571,183759
2010-01-30,28.589,16.0,0.0,0.330744078822584,183759
2010-01-31,29.81,15.22,0.0,0.302058517673545,183759
2010-02-01,30.448,15.137,0.0,0.280369994490795,183759
2010-02-02,30.516,16.713,0.0,0.349890083553057,183759
2010-02-03,30.476,18.414,0.0,0.361065880085779,183759
2010-02-04,30.629,17.458,0.0,0.317736228912576,183759
2010-02-05,30.054,15.315,0.0,0.341597694499805,183759
2010-02-06,30.18,16.877,0.0,0.365281140968807,183759
2010-02-07,31.037,20.781,0.0,0.335973859748564,183759
2010-02-08,31.059,17.692,0.0,0.344581168926982,183759
2010-02-09,31.427,16.215,0.0,0.36448655701876,183759
2010-02-10,32.923,18.743,0.0,0.325394660290445,183759
2010-02-11,32.533,18.793,0.0,0.391290123352495,183759
2010-02-12,31.433,19.148,0.0,0.39759939125226,183759
2010-02-13,33.321,18.074,0.0034332264,0.374655218010084,183759
2010-02-14,33.841,22.756,0.1819611792,0.308757988215133,183759
2010-02-15,33.115,21.569,0.010299672,0.323326712269984,183759
2010-02-16,34.997,22.129,0.0102996792,0.326733700829667,183759
2010-02-17,34.607,21.381,0.0,0.263474772029259,183759
2010-02-18,33.454,21.087,0.0,0.24474590909263,183759
2010-02-19,34.028,22.267,0.0,0.310045843852878,183759
2010-02-20,35.778,19.99,0.0,0.320383218759129,183759
2010-02-21,36.853,22.674,0.0,0.227074646613262,183759
2010-02-22,35.264,22.423,0.0274658112,0.254924906623144,183759
2010-02-23,35.595,22.234,0.0772476408,0.304011205595822,183759
2010-02-24,32.923,18.738,0.0,0.225671063624775,183759
2010-02-25,34.02,16.871,0.0,0.204825520345593,183759
2010-02-26,34.274,17.533,0.0,0.184744062428642,183759
2010-02-27,34.658,20.014,0.0,0.18762265347344,183759
2010-02-28,36.389,20.887,0.0,0.184888318568972,183759
2010-03-01,36.707,19.281,0.0,0.18758539000348,183759
2010-03-02,35.656,19.195,0.0,0.21532025954697,183759
2010-03-03,35.903,22.475,0.0,0.234240972428981,183759
2010-03-04,36.037,21.254,0.0,0.220794675372781,183759
2010-03-05,36.381,21.179,0.0,0.219969802485644,183759
2010-03-06,36.119,21.693,0.0,0.274835034525209,183759
2010-03-07,35.541,20.763,0.0,0.27770268482469,183759
2010-03-08,37.233,20.937,0.0,0.206251904769236,183759
2010-03-09,37.378,22.211,0.0,0.214516148762016,183759
2010-03-10,37.448,25.059,0.0,0.238043846636958,183759
2010-03-11,36.788,25.802,0.0,0.260710872986853,183759
2010-03-12,37.229,24.045,0.0,0.261840545555792,183759
2010-03-13,36.872,25.586,0.0,0.279298347249581,183759
2010-03-14,37.779,25.592,0.0,0.180371811874198,183759
2010-03-15,36.993,21.254,0.0,0.113275807506205,183759
2010-03-16,39.194,20.404,0.0,0.122337728401049,183759
2010-03-17,37.84,18.819,0.0,0.144214169133549,183759
2010-03-18,37.593,23.442,0.0,0.183298185552222,183759
2010-03-19,37.968,22.67,0.0,0.194236450438946,183759
2010-03-20,39.63,22.373,0.0,0.169652022409637,183759
2010-03-21,39.15,20.896,0.0,0.163296024633175,183759
2010-03-22,39.482,19.597,0.0,0.156799846540697,183759
2010-03-23,39.801,22.322,0.0,0.139525514033363,183759
2010-03-24,40.731,22.796,0.0,0.127617913079829,183759
2010-03-25,41.417,22.823,0.0,0.133651730493074,183759
2010-03-26,41.54,23.482,0.0,0.14136255212398,183759
2010-03-27,40.033,23.35,0.0,0.167575446974541,183759
2010-03-28,38.837,24.883,0.0,0.210991650335788,183759
2010-03-29,36.185,27.877,0.21972654,0.278341235123853,183759
2010-03-30,39.204,27.97,0.0,0.176653623525264,183759
2010-03-31,38.687,22.443,0.0,0.152298229168866,183759
2010-04-01,37.756,20.382,0.0,0.227087510242086,183759
2010-04-02,38.276,20.181,0.0,0.251975991239445,183759
2010-04-03,38.826,23.318,0.0,0.176333597701961,183759
2010-04-04,41.418,22.927,0.0,0.109891931069043,183759
2010-04-05,41.691,22.741,0.0,0.129621928826208,183759
2010-04-06,41.508,23.442,0.0,0.128695921702244,183759
2010-04-07,40.759,23.186,0.0,0.151495270317847,183759
2010-04-08,40.897,24.93,0.0,0.174228847493404,183759
2010-04-09,42.272,28.657,0.0,0.16932078057846,183759
2010-04-10,37.877,28.307,0.0,0.285408071370808,183759
2010-04-11,41.626,25.679,0.0,0.204657163922179,183759
2010-04-12,42.528,26.852,0.0,0.123763451183303,183759
2010-04-13,41.569,25.493,0.0,0.140556562929897,183759
2010-04-14,42.907,24.66,0.0,0.185298386777471,183759
2010-04-15,42.419,25.971,0.0,0.17417703062059,183759
2010-04-16,43.257,27.8,0.0,0.195277701476737,183759
2010-04-17,40.562,27.029,0.0,0.248597747358919,183759
2010-04-18,40.785,26.224,0.0,0.218969567788086,183759
2010-04-19,40.081,28.097,0.0,0.219587565444273,183759
2010-04-20,40.943,25.329,0.0,0.200987357100738,183759
2010-04-21,40.657,25.926,0.0,0.190908002287187,183759
2010-04-22,41.326,25.638,0.0,0.178657529721211,183759
2010-04-23,40.279,28.127,0.0,0.17871032616514,183759
2010-04-24,40.232,28.904,0.0,0.187008487720037,183759
2010-04-25,41.613,26.414,0.0,0.16484691936939,183759
2010-04-26,41.807,25.261,0.0,0.13285693302881,183759
2010-04-27,44.873,26.391,0.0,0.169602129459638,183759
2010-04-28,43.308,27.056,0.0,0.159749818632567,183759
2010-04-29,44.633,29.865,0.0,0.167127742517397,183759
2010-04-30,40.509,29.052,0.7604599176,0.275851862093048,183759
2010-05-01,36.683,26.061,0.0,0.327715701427295,183759
2010-05-02,37.743,25.175,1.7200491264,0.319962996451762,183759
2010-05-03,38.932,24.351,3.0864712392,0.361756024382612,183759
2010-05-04,37.561,26.3,0.12359628,0.311449325624767,183759
2010-05-05,39.099,26.326,0.0,0.263709401321745,183759
2010-05-06,39.547,26.616,0.0,0.263444289555526,183759
2010-05-07,39.21,28.005,0.0274658112,0.257634273701909,183759
2010-05-08,42.362,27.983,0.0034332264,0.248431244356555,183759
2010-05-09,41.592,27.982,0.0,0.237802631219431,183759
2010-05-10,42.112,27.826,0.0,0.195135943019327,183759
2010-05-11,43.262,27.302,0.0,0.162065322406378,183759
2010-05-12,42.436,27.928,0.0,0.144174695661217,183759
2010-05-13,42.525,26.807,0.0,0.203319309157076,183759
2010-05-14,44.495,28.632,0.0,0.281920497361863,183759
2010-05-15,42.516,27.734,0.0,0.24007319933198,183759
2010-05-16,44.241,27.858,0.0,0.245869935350051,183759
2010-05-17,42.058,26.934,0.0,0.235517682885648,183759
2010-05-18,43.23,29.361,0.0,0.160483974926579,183759
2010-05-19,42.628,29.984,0.0,0.157112229990299,183759
2010-05-20,43.04,28.315,0.0,0.233071764237681,183759
2010-05-21,42.565,27.676,0.0,0.2881082836566,183759
2010-05-22,41.01,28.263,0.281524716,0.362545773067675,183759
2010-05-23,42.417,26.859,0.0,0.358003038653919,183759
2010-05-24,42.49,27.145,0.0,0.31967351174461,183759
2010-05-25,42.532,27.208,0.0,0.27655325737243,183759
2010-05-26,40.529,25.675,0.0,0.330413589879247,183759
2010-05-27,40.314,25.338,0.0,0.367671460426027,183759
2010-05-28,40.661,25.123,0.0,0.346346813145383,183759
2010-05-29,40.298,25.656,0.0,0.339938900818353,183759
2010-05-30,40.696,26.125,0.0,0.296930232641964,183759
2010-05-31,40.768,26.572,0.00686646,0.269592638522659,183759
2010-06-01,41.351,26.624,0.0068664528,0.373541087262347,183759
2010-06-02,37.929,25.79,1.2153630456,0.458554323482187,183759
2010-06-03,37.529,26.367,0.494384832,0.435632284547518,183759
2010-06-04,38.254,26.17,0.10299672,0.439000960970479,183759
2010-06-05,36.485,24.749,1.23166944,0.441810049748385,183759
2010-06-06,37.746,25.495,0.3519056592,0.434980074902189,183759
2010-06-07,37.265,24.759,0.0,0.448030851863783,183759
2010-06-08,37.556,24.417,0.25920864,0.442322183763178,183759
2010-06-09,41.255,25.327,0.226592964,0.407869499182865,183759
2010-06-10,37.355,27.855,3.30620004,0.434674936614858,183759
2010-06-11,39.076,26.749,1.03340088,0.504816928102501,183759
2010-06-12,38.097,25.612,0.0,0.55109244700081,183759
2010-06-13,35.855,25.965,0.0068664528,0.565410959029676,183759
2010-06-14,34.125,25.831,0.44460342,0.586000476383294,183759
2010-06-15,27.442,24.412,1.69086402,0.726207207785488,183759
2010-06-16,26.051,23.445,1.4162067864,0.777818050786184,183759
2010-06-17,26.573,22.94,6.142046976,0.820156508428718,183759
2010-06-18,28.274,22.625,1.788711516,0.820901020719174,183759
2010-06-19,30.855,23.823,3.3834444264,0.781629981323004,183759
2010-06-20,31.701,23.289,3.5688384288,0.773961940096356,183759
2010-06-21,29.542,22.184,2.6350049808,0.76194195646524,183759
2010-06-22,31.432,22.14,2.159500212,0.737182950231237,183759
2010-06-23,33.122,22.681,3.1920408,0.719056283880884,183759
2010-06-24,31.059,23.333,10.62326664,0.760408009940687,183759
2010-06-25,30.981,22.522,1.332092448,0.727041612556608,183759
2010-06-26,32.891,22.309,0.01373292,0.660420562282035,183759
2010-06-27,34.331,23.575,1.8367764624,0.675488789352398,183759
2010-06-28,33.444,23.458,5.41334304,0.68227094094797,183759
2010-06-29,31.0,23.511,6.7411445256,0.729884250019083,183759
2010-06-30,29.727,23.852,16.87946508,0.797630576454126,183759
2010-07-01,25.552,22.658,8.00199216,0.833350984346437,183759
2010-07-02,23.295,21.884,36.54157716,0.912437990258545,183759
2010-07-03,22.057,21.432,125.9299332,0.960619491761964,183759
2010-07-04,26.371,21.133,18.14804208,0.860731117779769,183759
2010-07-05,27.03,21.759,2.8821923784,0.845129697452704,183759
2010-07-06,26.552,21.113,7.7779794024,0.827671710591189,183759
2010-07-07,28.03,21.3,5.9120214048,0.823098483785032,183759
2010-07-08,28.733,21.793,4.6606085928,0.797553109428707,183759
2010-07-09,28.173,21.49,2.8083797064,0.807913325828001,183759
2010-07-10,30.126,21.421,3.07188072,0.785091570052824,183759
2010-07-11,29.137,22.536,8.928104328,0.806868315759052,183759
2010-07-12,30.132,21.822,0.6402958488,0.736728158702858,183759
2010-07-13,31.536,21.821,0.9235382184,0.659538113644515,183759
2010-07-14,30.836,22.612,4.9678797888,0.689482230768542,183759
2010-07-15,30.455,22.207,9.182169612,0.741651136941097,183759
2010-07-16,32.151,22.101,10.8627264864,0.729397876956655,183759
2010-07-17,30.428,22.336,11.0549961864,0.768159876940821,183759
2010-07-18,29.912,21.579,3.1894714008,0.783871681003442,183759
2010-07-19,28.964,22.199,0.6849288072,0.77821080560805,183759
2010-07-20,28.833,22.351,4.0134452472,0.779243269944786,183759
2010-07-21,27.929,22.513,2.612688912,0.813520181522587,183759
2010-07-22,28.119,22.806,5.530928148,0.845692270159251,183759
2010-07-23,27.432,21.831,3.573989028,0.836501229524937,183759
2010-07-24,25.413,22.106,18.59606946,0.900917465051473,183759
2010-07-25,24.613,21.631,7.340236236,0.895517403897746,183759
2010-07-26,24.736,20.973,12.09526092,0.90646532896189,183759
2010-07-27,24.905,21.801,0.636864552,0.896329660883224,183759
2010-07-28,26.954,21.239,3.7559568384,0.882917265589009,183759
2010-07-29,26.649,21.278,3.352546872,0.880511788936875,183759
2010-07-30,24.22,21.538,12.4952351184,0.923393900747313,183759
2010-07-31,25.129,21.556,3.882979656,0.894196487790717,183759
2010-08-01,26.226,21.04,0.4720690008,0.859675299805912,183759
2010-08-02,26.348,21.638,0.140762376,0.850248651851924,183759
2010-08-03,25.618,21.852,2.070236556,0.871867519522175,183759
2010-08-04,27.441,21.579,1.9981397952,0.829021069712154,183759
2010-08-05,29.867,20.59,0.202560588,0.761316153407552,183759
2010-08-06,28.242,20.607,4.5730630296,0.779622869363221,183759
2010-08-07,21.275,19.563,22.25761452,0.908538698996725,183759
2010-08-08,28.135,19.676,0.913238532,0.824272616340481,183759
2010-08-09,27.859,21.372,0.9647368488,0.811712766672402,183759
2010-08-10,28.877,21.163,2.986911432,0.787904250463635,183759
2010-08-11,31.124,21.828,3.4572589632,0.78617866839701,183759
2010-08-12,30.822,22.462,10.4541791328,0.80882748116098,183759
2010-08-13,27.518,22.435,20.70922464,0.881383975940113,183759
2010-08-14,26.518,22.476,28.430558028,0.910349561723183,183759
2010-08-15,26.517,22.432,7.68356676,0.897186417535729,183759
2010-08-16,28.155,22.126,12.108994632,0.867950543005255,183759
2010-08-17,27.687,21.921,21.8902573728,0.903020233569198,183759
2010-08-18,26.195,21.643,3.206635596,0.899187030229667,183759
2010-08-19,26.906,21.705,5.180743296,0.878571486019438,183759
2010-08-20,27.043,22.469,24.10811784,0.912275111002589,183759
2010-08-21,25.858,22.249,45.42502392,0.940614473135152,183759
2010-08-22,27.96,21.486,20.891192652,0.901296690240992,183759
2010-08-23,27.352,22.086,11.18888352,0.891625801539658,183759
2010-08-24,29.021,21.21,3.608317872,0.848845422671151,183759
2010-08-25,28.234,21.503,14.20669152,0.872289140350307,183759
2010-08-26,25.731,22.474,42.036451632,0.935131289775506,183759
2010-08-27,24.836,21.387,15.51133332,0.933363697316865,183759
2010-08-28,26.719,21.251,5.31463518,0.907068130998599,183759
2010-08-29,23.561,21.449,17.713737684,0.936240121421387,183759
2010-08-30,21.903,20.802,41.84589204,0.943275292086001,183759
2010-08-31,23.515,20.213,8.1504824904,0.927838666585481,183759
2010-09-01,25.119,20.929,2.272796784,0.903203029745194,183759
2010-09-02,25.9,21.088,4.55074326,0.886301693140768,183759
2010-09-03,25.066,21.503,2.63156598,0.901780009802075,183759
2010-09-04,27.767,20.763,3.440096712,0.873899501712695,183759
2010-09-05,25.901,21.273,8.8645914,0.898826848443942,183759
2010-09-06,26.463,21.487,14.2993917,0.884701335033495,183759
2010-09-07,26.652,21.54,3.37143186,0.872711905900595,183759
2010-09-08,24.588,20.71,15.9370408584,0.912527228778089,183759
2010-09-09,27.498,20.786,0.875473272,0.863916013615582,183759
2010-09-10,26.674,20.603,1.0334015424,0.866298537347256,183759
2010-09-11,27.773,20.501,0.18882738,0.829688818557942,183759
2010-09-12,28.157,19.533,0.02059938,0.811385223981346,183759
2010-09-13,29.499,20.396,2.2762322496,0.811743762799334,183759
2010-09-14,29.884,21.162,9.6954363,0.827758039837396,183759
2010-09-15,29.318,21.873,17.203902732,0.85721903640962,183759
2010-09-16,27.04,22.077,20.8293955704,0.895266283908827,183759
2010-09-17,25.058,21.746,11.327931,0.927052006660231,183759
2010-09-18,27.899,20.812,8.80279452,0.861637697763205,183759
2010-09-19,28.337,21.067,7.491301668,0.884165992430891,183759
2010-09-20,27.54,21.775,40.9721544,0.924096403538831,183759
2010-09-21,28.485,21.7,4.20913656,0.828303904898999,183759
2010-09-22,30.869,20.517,4.78591938,0.807032536455466,183759
2010-09-23,30.69,21.717,18.994334184,0.8492602698781,183759
2010-09-24,30.106,21.779,25.74232992,0.857439721781499,183759
2010-09-25,29.093,21.94,27.58598928,0.866825089978203,183759
2010-09-26,28.622,21.922,13.14239724,0.865459027947151,183759
2010-09-27,28.086,21.833,15.3637014384,0.885221274930068,183759
2010-09-28,28.417,22.321,7.604603316,0.871125152177542,183759
2010-09-29,29.405,21.526,13.7071629,0.867283851650472,183759
2010-09-30,29.232,21.281,0.97160364,0.782246809957149,183759
2010-10-01,28.416,18.333,0.0,0.665237623500742,183759
2010-10-02,27.93,19.165,0.0,0.728791836989023,183759
2010-10-03,28.626,20.789,14.3783569224,0.847751039604787,183759
2010-10-04,29.458,22.935,20.515248828,0.892292811760697,183759
2010-10-05,28.289,21.864,9.80529984,0.878535434334008,183759
2010-10-06,30.183,21.951,0.109863468,0.753897375300226,183759
2010-10-07,30.38,19.506,0.0,0.686726029308213,183759
2010-10-08,29.782,19.426,0.0,0.661186130259966,183759
2010-10-09,30.368,18.472,0.0,0.655341944432987,183759
2010-10-10,30.188,18.537,0.0,0.672699171965978,183759
2010-10-11,28.803,18.274,0.1853943984,0.700908579683682,183759
2010-10-12,31.469,19.641,4.6443013344,0.710895795721412,183759
2010-10-13,30.974,20.018,0.04634856,0.626308353675515,183759
2010-10-14,32.48,18.91,0.0,0.628075207675264,183759
2010-10-15,30.776,20.75,1.75438008,0.678578896262992,183759
2010-10-16,24.581,20.332,0.0,0.750815186737953,183759
2010-10-17,29.194,21.654,11.3725624824,0.799967132429798,183759
2010-10-18,27.991,21.761,16.6923549864,0.864402735070631,183759
2010-10-19,27.601,21.928,14.91050916,0.887681871558805,183759
2010-10-20,29.43,21.347,4.566194064,0.859114953481188,183759
2010-10-21,29.677,21.465,7.913589372,0.836957044254713,183759
2010-10-22,28.547,21.579,9.461980224,0.859232993179154,183759
2010-10-23,23.883,21.507,4.49924652,0.932561968856415,183759
2010-10-24,28.45,21.534,4.4992471464,0.810756148929927,183759
2010-10-25,29.62,19.121,0.46691874,0.721547946412374,183759
2010-10-26,29.949,19.205,0.00686646,0.669046904742261,183759
2010-10-27,29.39,18.318,0.0,0.602450706716579,183759
2010-10-28,28.974,17.473,0.0,0.548758417881019,183759
2010-10-29,28.933,17.106,0.0,0.521566002545997,183759
2010-10-30,29.073,17.725,0.1373292,0.590378402702138,183759
2010-10-31,27.202,17.968,0.022315968,0.643411083320385,183759
2010-11-01,27.419,16.59,0.0,0.681845208159007,183759
2010-11-02,28.672,17.514,0.0274658328,0.736169095621395,183759
2010-11-03,27.073,20.705,5.0674456584,0.83524032902009,183759
2010-11-04,29.404,21.195,12.2875201224,0.823018061599192,183759
2010-11-05,28.171,20.606,6.7806249912,0.834692348405521,183759
2010-11-06,28.347,19.53,0.20942676,0.746599078122108,183759
2010-11-07,26.915,17.363,0.0034332264,0.631083556182446,183759
2010-11-08,24.961,20.328,2.707099704,0.834709392513073,183759
2010-11-09,26.18,21.371,4.47521058,0.85576256531015,183759
2010-11-10,29.301,19.943,3.57742728,0.796174549450215,183759
2010-11-11,27.975,19.509,10.82496672,0.819476954796716,183759
2010-11-12,28.293,20.078,14.007568392,0.846246721829499,183759
2010-11-13,29.325,20.179,19.25354124,0.824907764004394,183759
2010-11-14,27.178,20.852,16.21856016,0.865494535705503,183759
2010-11-15,26.458,21.25,11.1339584424,0.897399991527088,183759
2010-11-16,28.286,18.587,0.017166132,0.766202529143664,183759
2010-11-17,27.612,19.321,4.79278836,0.800986893284946,183759
2010-11-18,27.412,21.011,17.50088034,0.836401797428398,183759
2010-11-19,27.943,20.661,7.633780272,0.803741677468957,183759
2010-11-20,29.115,19.665,5.661391212,0.798015383624512,183759
2010-11-21,27.358,19.535,19.94361516,0.834013749732368,183759
2010-11-22,27.846,19.536,4.0992732,0.783919661705717,183759
2010-11-23,28.335,18.399,0.0,0.68621464056848,183759
2010-11-24,28.865,20.171,0.978469992,0.735650641861367,183759
2010-11-25,29.142,17.561,0.0,0.674227749457515,183759
2010-11-26,29.694,19.635,0.0,0.645934992671649,183759
2010-11-27,28.467,18.981,0.0,0.579482273500689,183759
2010-11-28,28.127,17.992,0.0,0.606671363087937,183759
2010-11-29,28.9,18.611,0.0,0.624824493867493,183759
2010-11-30,29.135,17.765,0.0,0.553302567029532,183759
2010-12-01,29.55,19.243,0.0,0.5890571528427,183759
2010-12-02,29.226,16.928,0.0,0.623650342688541,183759
2010-12-03,28.916,17.156,0.0,0.644250016480853,183759
2010-12-04,28.202,17.995,0.0,0.580619552248208,183759
2010-12-05,27.821,17.211,0.0,0.541402421799535,183759
2010-12-06,26.288,16.179,0.0,0.475937722904632,183759
2010-12-07,26.655,16.131,0.0068664528,0.565369373638548,183759
2010-12-08,28.281,18.272,0.1579284576,0.718522432035188,183759
2010-12-09,27.104,17.008,0.0068664528,0.746342823803629,183759
2010-12-10,29.03,18.887,0.199127196,0.622900747333035,183759
2010-12-11,28.795,18.016,0.0,0.52470751349926,183759
2010-12-12,25.381,13.517,0.0,0.585979622401155,183759
2010-12-13,26.75,12.595,0.0,0.53620590323877,183759
2010-12-14,27.084,14.406,0.0,0.492874255844187,183759
2010-12-15,26.582,14.888,0.0,0.483837616818334,183759
2010-12-16,26.643,14.335,0.0,0.367861227617499,183759
2010-12-17,26.261,12.77,0.0,0.330694412583879,183759
2010-12-18,26.346,12.408,0.0,0.30048321371855,183759
2010-12-19,25.792,11.045,0.0,0.351924352292462,183759
2010-12-20,27.07,11.632,0.0,0.351780423424357,183759
2010-12-21,27.567,11.392,0.0,0.317365883791349,183759
2010-12-22,28.436,8.86099999999999,0.0,0.333065677050466,183759
2010-12-23,28.286,9.89800000000002,0.0,0.286212578755932,183759
2010-12-24,27.694,10.281,0.0,0.293838210853752,183759
2010-12-25,27.731,12.585,0.0,0.388871525530702,183759
2010-12-26,27.573,12.518,0.0,0.424348975370947,183759
2010-12-27,27.64,13.583,0.0,0.509850370520477,183759
2010-12-28,27.268,14.231,0.0,0.523861433210985,183759
2010-12-29,27.44,14.019,0.0,0.512536434320331,183759
2010-12-30,28.593,15.45,0.0308990304,0.536390933728947,183759
2010-12-31,28.226,15.592,0.00686646,0.603069971089482,183759
2011-01-01,28.035,17.388,0.0,0.506155661892621,183759
2011-01-02,28.573,17.322,0.0,0.553058347713457,183759
2011-01-03,27.58,16.472,0.0,0.549800060453472,183759
2011-01-04,27.868,17.859,0.0,0.514086177920855,183759
2011-01-05,27.158,16.135,0.0,0.495230145573439,183759
2011-01-06,27.127,14.917,0.0,0.290618353919682,183759
2011-01-07,26.469,11.468,0.0,0.264008502361579,183759
2011-01-08,28.112,11.98,0.0,0.251608305326813,183759
2011-01-09,28.244,13.087,0.0,0.221277353169284,183759
2011-01-10,28.388,13.704,0.0,0.261771970624448,183759
2011-01-11,28.667,11.295,0.0,0.254471038799681,183759
2011-01-12,29.207,11.592,0.0,0.245768335860608,183759
2011-01-13,29.633,13.179,0.0,0.257333539448713,183759
2011-01-14,29.386,13.324,0.0,0.280075909252816,183759
2011-01-15,29.345,11.222,0.0,0.342569265324611,183759
2011-01-16,29.421,12.732,0.0,0.32389291020206,183759
2011-01-17,29.868,13.529,0.0,0.272122245368877,183759
2011-01-18,29.832,12.923,0.0,0.281358530996601,183759
2011-01-19,31.582,14.945,0.0,0.252964591479183,183759
2011-01-20,31.461,16.738,0.0,0.255288281232669,183759
2011-01-21,30.593,16.074,0.0,0.251779930107762,183759
2011-01-22,31.354,14.329,0.0,0.255807143613702,183759
2011-01-23,30.638,15.231,0.0,0.291811065217874,183759
2011-01-24,30.511,15.349,0.0,0.370942381534015,183759
2011-01-25,30.57,15.507,0.0,0.354660364149769,183759
2011-01-26,30.519,14.014,0.0,0.344791561386291,183759
2011-01-27,30.901,15.78,0.0,0.336828346661533,183759
2011-01-28,30.791,16.163,0.0034332264,0.300174544810923,183759
2011-01-29,30.757,15.756,0.0,0.296476299461376,183759
2011-01-30,30.674,13.883,0.0,0.309764501738358,183759
2011-01-31,30.615,15.735,0.0,0.349208803249794,183759
2011-02-01,31.823,17.328,0.0,0.321231433955902,183759
2011-02-02,31.629,17.393,0.0,0.300765068140455,183759
2011-02-03,31.825,17.261,0.0017166132,0.280071761650841,183759
2011-02-04,31.895,16.808,0.0,0.261217796107869,183759
2011-02-05,32.395,16.263,0.0,0.190150570159617,183759
2011-02-06,32.475,16.165,0.0,0.179829020782102,183759
2011-02-07,32.032,13.767,0.0,0.295454433802553,183759
2011-02-08,31.942,13.965,0.0,0.238302615782092,183759
2011-02-09,31.844,14.676,0.0,0.205278385375708,183759
2011-02-10,31.612,14.502,0.0,0.19166998419969,183759
2011-02-11,31.628,15.921,0.0017166132,0.258738465900248,183759
2011-02-12,32.457,17.31,0.0017166132,0.280777367628953,183759
2011-02-13,31.862,18.099,0.0,0.244291355186494,183759
2011-02-14,31.655,15.79,0.0,0.214681898206871,183759
2011-02-15,32.022,14.541,0.0,0.236476237575252,183759
2011-02-16,28.982,18.155,0.0,0.447512198888587,183759
2011-02-17,30.276,16.965,0.0,0.442453202504721,183759
2011-02-18,32.084,17.576,0.0,0.361621371042998,183759
2011-02-19,32.34,17.354,0.0,0.306776006878106,183759
2011-02-20,32.179,17.22,0.0,0.284862140265908,183759
2011-02-21,32.725,18.499,0.0,0.375134006522771,183759
2011-02-22,32.885,18.158,0.0,0.354563734533827,183759
2011-02-23,31.653,20.474,0.123596082,0.429403671644086,183759
2011-02-24,32.499,20.352,0.07209792,0.425956062443248,183759
2011-02-25,31.972,18.396,0.0,0.273481171017084,183759
2011-02-26,34.239,18.314,0.0,0.273951418008215,183759
2011-02-27,32.984,20.507,0.0,0.444319261400422,183759
2011-02-28,31.31,22.133,0.0223159644,0.401126183757349,183759
2011-03-01,33.246,19.488,0.0,0.33397314054707,183759
2011-03-02,36.016,23.328,0.0017166132,0.288854620658589,183759
2011-03-03,35.206,23.401,0.0,0.306441111109351,183759
2011-03-04,35.627,23.334,0.0,0.244193851956034,183759
2011-03-05,36.222,20.515,0.0,0.229002648759835,183759
2011-03-06,37.921,19.639,0.0,0.20588048679318,183759
2011-03-07,38.523,19.64,0.0,0.177308282426198,183759
2011-03-08,38.727,21.786,0.0,0.197989003214694,183759
2011-03-09,37.922,22.859,0.0,0.168803816516203,183759
2011-03-10,36.705,21.627,0.0,0.146481342771057,183759
2011-03-11,37.996,19.941,0.0017166132,0.131833040684769,183759
2011-03-12,35.683,20.03,0.0,0.146954878654326,183759
2011-03-13,38.357,20.648,0.0017166132,0.146897229141529,183759
2011-03-14,36.609,19.203,0.0017166132,0.127060766325799,183759
2011-03-15,37.094,20.101,0.0,0.108587016581036,183759
2011-03-16,36.739,21.73,0.0,0.0969005885072144,183759
2011-03-17,37.666,19.847,0.0,0.0900570696343285,183759
2011-03-18,38.131,20.337,0.0,0.174476848743888,183759
2011-03-19,37.25,19.678,0.0,0.163213606380873,183759
2011-03-20,38.085,19.569,0.0,0.134115207854567,183759
2011-03-21,38.139,21.118,0.0,0.121117296238567,183759
2011-03-22,38.039,21.039,0.0,0.142194101197822,183759
2011-03-23,39.827,21.617,0.0,0.158958802837397,183759
2011-03-24,39.096,23.025,0.0017166132,0.177238610233836,183759
2011-03-25,40.169,23.612,0.0017166132,0.200053552562001,183759
2011-03-26,37.561,24.303,0.0,0.233965734308036,183759
2011-03-27,39.658,22.042,0.0017166132,0.245093421954247,183759
2011-03-28,40.591,20.079,0.0,0.104518219519076,183759
2011-03-29,38.756,23.099,0.0,0.0982105234758216,183759
2011-03-30,38.539,22.853,0.0,0.111454947307879,183759
2011-03-31,38.636,21.995,0.0017166132,0.110884903203881,183759
2011-04-01,38.428,20.513,0.0,0.126639379877329,183759
2011-04-02,38.657,20.196,0.0,0.124478713188915,183759
2011-04-03,37.255,20.113,0.0,0.216862886631559,183759
2011-04-04,36.66,19.651,0.0,0.215813989798635,183759
2011-04-05,37.33,19.386,0.0,0.184413088395766,183759
2011-04-06,37.534,20.253,0.0,0.292970731164369,183759
2011-04-07,37.991,20.319,0.0,0.251962955118988,183759
2011-04-08,38.678,22.538,0.0,0.269060575129467,183759
2011-04-09,37.02,24.236,0.0,0.256578961724049,183759
2011-04-10,36.353,26.818,0.0,0.305868487242971,183759
2011-04-11,38.632,22.396,0.0,0.309957442055232,183759
2011-04-12,39.195,26.207,0.0,0.226698902498262,183759
2011-04-13,40.69,26.709,0.0017166132,0.222200614477654,183759
2011-04-14,43.143,28.165,0.130462488,0.190806372822771,183759
2011-04-15,39.848,25.949,0.0,0.238332288958177,183759
2011-04-16,42.849,25.826,0.0,0.217818028055567,183759
2011-04-17,40.111,25.963,0.0,0.239561933487808,183759
2011-04-18,42.283,28.917,0.0,0.183412488232601,183759
2011-04-19,42.415,27.103,0.0034332264,0.196319433128744,183759
2011-04-20,40.076,27.094,0.0034332264,0.199271584519671,183759
2011-04-21,39.168,24.273,0.0,0.26704058775889,183759
2011-04-22,39.162,24.961,0.00686646,0.211480985460644,183759
2011-04-23,40.417,24.921,0.0017166132,0.359976267834685,183759
2011-04-24,39.765,25.353,0.0,0.291914542941535,183759
2011-04-25,38.201,24.584,0.0,0.266358746717311,183759
2011-04-26,42.119,24.584,0.0,0.23817268542088,183759
2011-04-27,42.268,25.607,0.0,0.218740647840849,183759
2011-04-28,43.485,23.528,0.0,0.204965465455885,183759
2011-04-29,41.22,24.626,0.0,0.224697319917268,183759
2011-04-30,44.058,27.861,0.0,0.184502294199349,183759
2011-05-01,41.758,25.87,0.099563724,0.265777654974566,183759
2011-05-02,41.341,27.623,0.133895844,0.249768719155621,183759
2011-05-03,40.567,26.56,0.0,0.217041739399636,183759
2011-05-04,39.946,24.809,0.0,0.227748510934669,183759
2011-05-05,39.646,23.61,0.0,0.225611571542636,183759
2011-05-06,39.905,24.031,0.0,0.237344833470101,183759
2011-05-07,38.721,24.363,0.0,0.247308349117351,183759
2011-05-08,39.36,23.53,0.0,0.335028068542617,183759
2011-05-09,38.227,24.617,0.0,0.395578064123157,183759
2011-05-10,38.775,24.665,0.405120852,0.319666010383641,183759
2011-05-11,38.393,24.591,0.0,0.242491116389339,183759
2011-05-12,40.394,24.179,0.0,0.178630936466963,183759
2011-05-13,42.651,24.351,0.0,0.248372563928205,183759
2011-05-14,35.615,26.965,0.0171661392,0.297572987243482,183759
2011-05-15,41.472,24.93,0.127029348,0.263849907624908,183759
2011-05-16,38.24,26.927,0.0,0.342294265904895,183759
2011-05-17,41.367,26.373,0.0,0.265296595265489,183759
2011-05-18,41.477,28.085,0.257491944,0.249378610545665,183759
2011-05-19,41.401,27.216,0.2712248424,0.268050579290145,183759
2011-05-20,41.101,25.795,0.0,0.215682470152518,183759
2011-05-21,40.211,25.143,0.0,0.31684878514381,183759
2011-05-22,39.366,25.206,0.0,0.370364244983127,183759
2011-05-23,39.168,25.374,0.0,0.389424096659486,183759
2011-05-24,41.311,26.233,0.0,0.312655596189733,183759
2011-05-25,38.855,26.803,0.199126908,0.332555287651732,183759
2011-05-26,35.268,27.003,5.2288078104,0.470927564253173,183759
2011-05-27,37.496,27.058,2.0805354,0.390395241863165,183759
2011-05-28,39.607,28.14,0.0034332264,0.334695726933148,183759
2011-05-29,39.888,26.116,1.0746004464,0.349165300709312,183759
2011-05-30,39.13,27.102,0.09269712,0.417832442904623,183759
2011-05-31,38.468,26.501,0.1579283568,0.394168911177575,183759
2011-06-01,39.842,25.304,0.1064301264,0.376392627128358,183759
2011-06-02,38.997,26.527,0.4497531624,0.423419516181717,183759
2011-06-03,37.14,27.672,0.5802149448,0.426934141015864,183759
2011-06-04,33.255,24.853,0.0583648848,0.576611465407347,183759
2011-06-05,34.372,24.023,20.5512948,0.651267386844379,183759
2011-06-06,31.525,22.925,5.3832994992,0.738371157237522,183759
2011-06-07,31.493,23.102,2.379222792,0.709354860550882,183759
2011-06-08,29.583,23.019,9.564972732,0.808664157872623,183759
2011-06-09,28.175,22.88,3.8932831512,0.797555763713607,183759
2011-06-10,29.758,22.453,0.1407622608,0.763661131069824,183759
2011-06-11,28.631,22.997,0.4772187288,0.743630434374648,183759
2011-06-12,33.084,22.436,6.65703162,0.669830422841509,183759
2011-06-13,34.011,22.763,3.278731644,0.63982168341606,183759
2011-06-14,30.982,23.3,2.0565018,0.69733891504359,183759
2011-06-15,32.25,22.713,2.2281661584,0.650393575863947,183759
2011-06-16,31.766,23.421,2.532007332,0.620272953351112,183759
2011-06-17,29.584,23.701,1.4951703312,0.674022764645917,183759
2011-06-18,32.106,23.011,0.0,0.628670561729172,183759
2011-06-19,32.506,24.345,1.8075942504,0.600236181146784,183759
2011-06-20,33.749,23.697,0.501250752,0.583381560037049,183759
2011-06-21,32.488,24.274,0.38280492,0.595788408958535,183759
2011-06-22,35.086,23.882,0.04463208,0.560712114001721,183759
2011-06-23,35.4,23.854,0.0068664528,0.547719868980787,183759
2011-06-24,33.851,24.449,1.9054412424,0.61775888970344,183759
2011-06-25,29.322,24.51,1.0213848648,0.624443266637638,183759
2011-06-26,29.675,23.729,1.7269134984,0.652619463527945,183759
2011-06-27,30.328,23.375,0.2489092776,0.651713710521659,183759
2011-06-28,30.08,23.389,19.3496812488,0.704832339577831,183759
2011-06-29,30.087,23.049,1.9363404024,0.715805566287383,183759
2011-06-30,31.252,22.358,0.0,0.649053090940864,183759
2011-07-01,33.509,22.582,0.0411987384,0.58729625447545,183759
2011-07-02,32.82,22.91,0.0137329128,0.577734478022005,183759
2011-07-03,32.002,23.437,2.5680563064,0.587803786009036,183759
2011-07-04,33.211,23.376,0.60768054,0.568859034061897,183759
2011-07-05,32.77,23.013,0.0411987168,0.52330279617888,183759
2011-07-06,32.955,23.946,2.6710517304,0.58728687011641,183759
2011-07-07,31.138,23.037,7.6887116316,0.666454812487366,183759
2011-07-08,27.891,22.382,2.0496380904,0.749708580466685,183759
2011-07-09,28.661,22.052,0.0549316728,0.712061531411084,183759
2011-07-10,30.244,22.146,0.0549316656,0.691623786453157,183759
2011-07-11,27.735,22.381,0.5767822656,0.734649730966055,183759
2011-07-12,29.377,22.13,4.0821050808,0.715629709012545,183759
2011-07-13,26.935,22.982,5.03825868,0.799180104473853,183759
2011-07-14,28.136,22.537,3.515623452,0.762231243029279,183759
2011-07-15,31.546,22.104,2.8289817792,0.732835015181497,183759
2011-07-16,28.462,22.683,1.5398025264,0.762520298783107,183759
2011-07-17,28.314,23.248,1.392174108,0.764567085370437,183759
2011-07-18,27.455,22.912,2.664184608,0.782911164589919,183759
2011-07-19,26.282,23.069,3.587720148,0.820751488065994,183759
2011-07-20,27.512,22.842,0.6471632016,0.774695827245422,183759
2011-07-21,26.66,22.199,3.4744269384,0.786005504050307,183759
2011-07-22,30.19,21.906,0.411987204,0.73170832610005,183759
2011-07-23,29.877,22.381,1.1810307816,0.71313781425637,183759
2011-07-24,31.962,21.956,2.5405882128,0.665695102023122,183759
2011-07-25,32.37,22.63,7.862092272,0.705398983128863,183759
2011-07-26,31.727,23.103,11.264418612,0.747773687662601,183759
2011-07-27,29.558,22.502,9.561538152,0.792020074467517,183759
2011-07-28,28.12,22.475,2.406692448,0.824620719835892,183759
2011-07-29,27.867,22.281,6.6930739704,0.808603982298694,183759
2011-07-30,25.347,22.268,48.02055228,0.913261834005925,183759
2011-07-31,25.572,21.633,6.9076540008,0.902956518872602,183759
2011-08-01,27.728,21.81,9.932324652,0.867008789755016,183759
2011-08-02,27.588,22.032,29.038222872,0.878970815624981,183759
2011-08-03,27.717,21.764,5.160140064,0.854803903699228,183759
2011-08-04,27.995,22.003,2.168082936,0.836790449650161,183759
2011-08-05,28.764,21.694,0.7862091048,0.789662509394075,183759
2011-08-06,27.016,22.649,1.8985748832,0.821158467439712,183759
2011-08-07,27.462,22.046,0.3467560176,0.820525856935005,183759
2011-08-08,26.249,22.266,0.837707688,0.811636352560918,183759
2011-08-09,26.708,22.754,0.6111140976,0.815350693545587,183759
2011-08-10,29.285,22.139,0.192260664,0.732452011046893,183759
2011-08-11,26.279,23.132,0.6557459472,0.789641974002984,183759
2011-08-12,26.511,22.322,0.3364561584,0.792956957258621,183759
2011-08-13,27.583,22.111,1.4694213384,0.784277701059345,183759
2011-08-14,28.012,22.427,2.0977023672,0.783507352459079,183759
2011-08-15,28.91,22.409,2.416992156,0.75881003046435,183759
2011-08-16,31.028,21.601,0.2025603288,0.712528294229694,183759
2011-08-17,30.014,21.776,3.2203674,0.716992081951563,183759
2011-08-18,31.841,21.409,1.618767576,0.704823353488258,183759
2011-08-19,31.396,22.265,10.7734653,0.712351798818686,183759
2011-08-20,28.012,22.01,8.25519708,0.829250135259609,183759
2011-08-21,30.887,21.715,9.1907488728,0.784344863314793,183759
2011-08-22,26.547,22.038,28.8185316984,0.874409288170671,183759
2011-08-23,28.328,21.987,6.001281072,0.84149340157604,183759
2011-08-24,25.06,21.626,17.86995252,0.916150080167814,183759
2011-08-25,23.787,20.742,8.311843152,0.898548539165152,183759
2011-08-26,22.68,20.943,7.666398396,0.924171941602725,183759
2011-08-27,23.081,20.532,5.64250914,0.912044376462855,183759
2011-08-28,25.07,20.337,3.9567972528,0.897556772014232,183759
2011-08-29,28.455,21.833,6.9831792,0.870824346298331,183759
2011-08-30,27.753,21.317,4.3859484504,0.884380764968826,183759
2011-08-31,26.891,22.114,14.18266476,0.906854884383277,183759
2011-09-01,26.209,22.104,9.753797484,0.906391680492307,183759
2011-09-02,26.135,21.664,0.4943853,0.874033673295693,183759
2011-09-03,25.21,22.002,2.193832728,0.884035654898188,183759
2011-09-04,25.573,21.43,4.7567409984,0.881635915947922,183759
2011-09-05,26.922,21.161,0.4772185992,0.853265784404741,183759
2011-09-06,27.041,21.964,0.8926389288,0.834890011171669,183759
2011-09-07,26.971,21.765,4.6091079648,0.855682519861026,183759
2011-09-08,27.333,21.734,0.1338959088,0.838734449295222,183759
2011-09-09,26.916,21.375,0.3553387416,0.833198752974141,183759
2011-09-10,27.783,21.526,0.0720977364,0.801415275435905,183759
2011-09-11,29.896,20.653,0.0034332264,0.765814485167085,183759
2011-09-12,27.841,20.992,0.0755310024,0.772500139623936,183759
2011-09-13,31.284,19.288,0.00686646,0.726204862499206,183759
2011-09-14,30.277,21.502,3.9928464144,0.774963364799602,183759
2011-09-15,27.475,22.523,29.50171344,0.888433969705386,183759
2011-09-16,27.406,21.317,6.9076494864,0.875947480737692,183759
2011-09-17,29.175,20.893,1.804161384,0.820731771078066,183759
2011-09-18,28.793,21.492,0.6523133472,0.802238881759245,183759
2011-09-19,29.578,20.075,0.0240325848,0.755349405563098,183759
2011-09-20,30.106,19.649,3.3130583064,0.775005486539127,183759
2011-09-21,28.091,19.588,1.5810008652,0.804433400836898,183759
2011-09-22,29.143,19.463,0.834274584,0.757247275111979,183759
2011-09-23,27.698,20.84,1.352691144,0.746823400680102,183759
2011-09-24,25.619,20.483,2.3654946168,0.803061095668982,183759
2011-09-25,29.271,20.115,1.2016296,0.735560517788234,183759
2011-09-26,29.66,19.164,3.323362032,0.780810483273229,183759
2011-09-27,23.397,19.52,1.847076372,0.840812317276839,183759
2011-09-28,23.023,19.302,0.439452936,0.815780738939306,183759
2011-09-29,30.254,19.7,2.55088836,0.773581040582532,183759
2011-09-30,30.119,20.924,4.91637726,0.776793051622864,183759
2011-10-01,28.751,20.935,0.017166132,0.765414079995437,183759
2011-10-02,31.355,21.345,12.58620876,0.749360577598805,183759
2011-10-03,28.509,21.918,49.368096,0.891677666702058,183759
2011-10-04,26.598,20.456,10.986331392,0.858985579671575,183759
2011-10-05,29.187,21.396,0.72441144,0.737459006672548,183759
2011-10-06,29.229,18.903,0.86173992,0.677027046262111,183759
2011-10-07,29.534,20.7,1.5140531664,0.715116727680569,183759
2011-10-08,29.919,21.653,0.2403256464,0.703788348968828,183759
2011-10-09,30.813,20.684,0.04806504,0.662080685699157,183759
2011-10-10,31.05,20.238,0.0,0.641104078600442,183759
2011-10-11,30.772,21.652,14.21699508,0.778338201152384,183759
2011-10-12,28.919,21.507,23.46608052,0.8583615643386,183759
2011-10-13,27.691,21.599,21.849053508,0.873820486784992,183759
2011-10-14,29.868,20.421,2.1886830144,0.827937453374752,183759
2011-10-15,30.607,20.36,5.5446648552,0.795824142226389,183759
2011-10-16,30.703,20.074,0.00686646,0.743016509483265,183759
2011-10-17,29.078,20.949,1.493453952,0.773809006411872,183759
2011-10-18,30.428,20.83,0.0,0.69946763523726,183759
2011-10-19,28.877,22.102,0.3227238,0.740339922099853,183759
2011-10-20,29.859,19.857,0.40168746,0.712608575371227,183759
2011-10-21,30.083,18.743,0.00686646,0.628934692307801,183759
2011-10-22,30.394,18.228,0.0,0.462887596722667,183759
2011-10-23,30.098,17.745,0.0,0.459778573989329,183759
2011-10-24,29.361,18.436,0.0,0.448268430738926,183759
2011-10-25,30.027,17.455,0.0,0.414837621419446,183759
2011-10-26,27.65,18.35,0.0,0.414449515368587,183759
2011-10-27,30.453,20.74,1.122665292,0.576833506710211,183759
2011-10-28,29.558,20.539,1.1964797352,0.742649021005514,183759
2011-10-29,29.835,19.957,3.512190024,0.747236277448158,183759
2011-10-30,31.954,18.875,0.393104592,0.659768390616411,183759
2011-10-31,30.376,18.651,0.0,0.520232013698678,183759
2011-11-01,30.46,18.122,0.0,0.485049651239487,183759
2011-11-02,29.906,20.792,0.0017166132,0.489820956049239,183759
2011-11-03,30.564,18.656,0.0,0.472618702448559,183759
2011-11-04,31.016,18.81,0.0,0.583327558474089,183759
2011-11-05,30.887,19.37,0.0,0.548406870609736,183759
2011-11-06,30.93,17.72,0.0,0.478665395218153,183759
2011-11-07,31.444,16.007,0.0,0.431509322940679,183759
2011-11-08,31.611,16.229,0.0,0.423614231844052,183759
2011-11-09,31.175,15.049,0.0,0.41414162463126,183759
2011-11-10,30.611,14.021,0.0,0.43302253065418,183759
2011-11-11,31.655,13.733,0.0,0.436195542879805,183759
2011-11-12,31.608,17.217,0.0,0.409912630447085,183759
2011-11-13,31.945,15.644,0.0,0.419064946151021,183759
2011-11-14,31.051,17.919,0.0,0.445429693895489,183759
2011-11-15,31.187,18.318,0.0,0.453002088141125,183759
2011-11-16,30.634,17.234,0.0,0.374819983976063,183759
2011-11-17,30.25,15.867,0.0,0.329370203544598,183759
2011-11-18,30.209,15.301,0.0,0.311778285259991,183759
2011-11-19,31.056,13.979,0.0,0.317732307190828,183759
2011-11-20,31.18,14.904,0.0,0.341995919246934,183759
2011-11-21,31.348,15.935,0.0,0.358421217509448,183759
2011-11-22,29.411,14.555,0.0,0.362342310663891,183759
2011-11-23,29.17,14.693,0.0,0.372209263467191,183759
2011-11-24,29.371,15.836,0.0,0.452603415294497,183759
2011-11-25,29.636,16.091,0.0,0.470979293856274,183759
2011-11-26,28.6,17.588,0.230026068,0.560197309084072,183759
2011-11-27,30.259,18.706,0.123596136,0.605267189917903,183759
2011-11-28,28.773,19.138,0.0,0.623565568046077,183759
2011-11-29,31.193,18.823,0.0,0.545018935118657,183759
2011-11-30,32.148,17.991,0.0,0.543877612791469,183759
2011-12-01,32.011,17.589,0.0,0.449769301301267,183759
2011-12-02,31.16,16.772,0.0,0.259550194256304,183759
2011-12-03,32.278,16.808,0.0,0.264766142810224,183759
2011-12-04,31.41,16.941,0.0,0.366221258460217,183759
2011-12-05,32.112,15.433,0.0,0.416671519689916,183759
2011-12-06,31.062,17.006,0.0,0.414723964415252,183759
2011-12-07,30.466,16.299,0.0,0.371571599461569,183759
2011-12-08,29.816,15.774,0.0,0.316872320520719,183759
2011-12-09,31.136,15.502,0.0,0.314897439627274,183759
2011-12-10,31.166,16.478,0.0017166132,0.373597039589289,183759
2011-12-11,30.53,15.22,0.0,0.321519177952068,183759
2011-12-12,29.647,16.194,0.0,0.40533429633267,183759
2011-12-13,30.048,18.115,0.0,0.488299733223,183759
2011-12-14,29.301,15.742,0.0,0.417694407357045,183759
2011-12-15,29.466,13.912,0.0,0.32812168970122,183759
2011-12-16,28.469,14.467,0.0,0.382984399249748,183759
2011-12-17,28.366,14.354,0.0,0.445169015683794,183759
2011-12-18,28.788,14.396,0.0,0.409501738433957,183759
2011-12-19,29.313,14.428,0.0,0.395037939237408,183759
2011-12-20,29.049,16.077,0.0,0.308539480560237,183759
2011-12-21,29.094,14.898,0.0,0.300620012756352,183759
2011-12-22,28.933,14.377,0.0,0.236627112079398,183759
2011-12-23,29.087,13.696,0.0,0.296997843476539,183759
2011-12-24,29.587,13.417,0.0,0.230800103795849,183759
2011-12-25,30.014,14.153,0.0,0.233087158076357,183759
2011-12-26,30.52,13.639,0.0,0.241287005390183,183759
2011-12-27,29.244,10.981,0.0,0.249999474304156,183759
2011-12-28,29.392,13.477,0.0,0.247789902909186,183759
2011-12-29,29.476,14.523,0.0,0.236228967067474,183759
2011-12-30,30.578,16.749,0.0,0.344654768450199,183759
2011-12-31,30.381,17.341,0.0,0.580649375583545,183759
2012-01-01,29.738,19.128,0.0,0.548804508403824,183759
2012-01-02,31.23,18.017,0.0,0.513044004326598,183759
2012-01-03,30.998,17.802,0.0,0.511954759395638,183759
2012-01-04,31.296,15.956,0.0,0.475272529983811,183759
2012-01-05,31.454,17.168,0.0,0.39122334586518,183759
2012-01-06,32.008,17.768,0.0,0.386906551632974,183759
2012-01-07,31.36,17.6,0.0,0.249943526304301,183759
2012-01-08,30.864,12.174,0.0,0.264975696198212,183759
2012-01-09,28.17,14.195,0.0034332264,0.257291096972554,183759
2012-01-10,27.549,14.177,0.0,0.346074677820571,183759
2012-01-11,27.164,14.945,0.0,0.289691179761064,183759
2012-01-12,26.805,13.883,0.0,0.246418463168512,183759
2012-01-13,26.733,13.467,0.0,0.252618015239609,183759
2012-01-14,27.554,12.638,0.0,0.229941570329188,183759
2012-01-15,28.478,11.866,0.0,0.20256349596368,183759
2012-01-16,28.947,11.304,0.0017166132,0.20479783961069,183759
2012-01-17,30.107,11.529,0.0,0.239575359045175,183759
2012-01-18,29.999,14.079,0.0,0.279828059232968,183759
2012-01-19,28.694,13.017,0.0017166132,0.347712197476206,183759
2012-01-20,28.796,13.894,0.0,0.255942053393464,183759
2012-01-21,28.522,14.185,0.0,0.293837192214147,183759
2012-01-22,29.521,14.953,0.0,0.346330943771017,183759
2012-01-23,29.96,15.076,0.0,0.372213545228987,183759
2012-01-24,29.914,14.699,0.0,0.360985026950653,183759
2012-01-25,29.88,16.043,0.0,0.353388195654228,183759
2012-01-26,29.592,15.014,0.0,0.357090350341634,183759
2012-01-27,29.829,15.68,0.0,0.362810586336505,183759
2012-01-28,29.881,13.171,0.0034332264,0.328762979655962,183759
2012-01-29,29.486,15.618,0.0,0.26379495074109,183759
2012-01-30,30.046,19.742,0.0,0.354163188661654,183759
2012-01-31,29.835,17.844,0.0,0.34892092928454,183759
2012-02-01,29.415,15.475,0.0,0.394410749909187,183759
2012-02-02,30.542,17.095,0.0,0.361035962098602,183759
2012-02-03,30.578,16.576,0.0,0.309326219901687,183759
2012-02-04,31.299,17.443,0.0,0.25655324240523,183759
2012-02-05,31.709,13.859,0.0,0.287782029082912,183759
2012-02-06,31.813,14.833,0.0,0.306405046020315,183759
2012-02-07,32.93,15.517,0.0,0.302969621950914,183759
2012-02-08,31.834,17.881,0.0,0.233303171186472,183759
2012-02-09,31.658,15.004,0.0,0.108062437451548,183759
2012-02-10,31.739,16.08,0.0,0.192134982426657,183759
2012-02-11,32.467,18.443,0.0,0.278136421839971,183759
2012-02-12,33.364,20.006,0.0,0.339671236967067,183759
2012-02-13,33.371,15.36,0.0,0.243833070847172,183759
2012-02-14,33.6,17.984,0.0,0.305289292363595,183759
2012-02-15,33.872,22.591,0.0,0.245302556680303,183759
2012-02-16,32.925,18.509,0.0017166132,0.157142766555681,183759
2012-02-17,33.655,17.506,0.0,0.184965312376587,183759
2012-02-18,33.394,19.948,0.0,0.266594588444431,183759
2012-02-19,33.65,19.442,0.0,0.227157685213803,183759
2012-02-20,34.732,18.925,0.0,0.217957590633401,183759
2012-02-21,35.46,18.034,0.0,0.16882718154516,183759
2012-02-22,35.772,19.65,0.0,0.129090071788974,183759
2012-02-23,34.934,18.407,0.0,0.155947597230479,183759
2012-02-24,35.129,17.623,0.0,0.170843400768683,183759
2012-02-25,35.818,17.308,0.0,0.156935002998792,183759
2012-02-26,35.241,15.889,0.0,0.159385212667994,183759
2012-02-27,35.945,17.438,0.0,0.143926003054607,183759
2012-02-28,36.544,16.79,0.0,0.141014174813038,183759
2012-02-29,35.094,17.396,0.0017166132,0.129234582751437,183759
2012-03-01,35.89,16.201,0.0,0.12502081000843,183759
2012-03-02,35.137,15.54,0.0,0.138980268325883,183759
2012-03-03,33.767,16.589,0.0,0.288910888877691,183759
2012-03-04,35.605,19.009,0.0,0.172354215916575,183759
2012-03-05,38.227,19.719,0.0,0.124023396338244,183759
2012-03-06,37.745,17.344,0.0,0.125413179213125,183759
2012-03-07,36.066,18.628,0.0,0.111139758983204,183759
2012-03-08,33.226,16.764,0.0,0.158448369530902,183759
2012-03-09,34.223,15.626,0.0,0.206513280091714,183759
2012-03-10,35.621,16.625,0.0,0.0980267030698696,183759
2012-03-11,36.121,18.449,0.0,0.157980152052649,183759
2012-03-12,35.608,19.625,0.0,0.254212288715568,183759
2012-03-13,35.777,20.956,0.0,0.138446325243116,183759
2012-03-14,35.188,19.501,0.0,0.115640897823445,183759
2012-03-15,38.59,18.44,0.0,0.10527515313367,183759
2012-03-16,39.122,18.733,0.0,0.119971721981184,183759
2012-03-17,39.697,20.056,0.0017166132,0.0896066298453887,183759
2012-03-18,38.74,22.072,0.0,0.108828636055002,183759
2012-03-19,39.675,21.859,0.0,0.09945960033249,183759
2012-03-20,39.258,22.557,0.0,0.0903609116145634,183759
2012-03-21,40.208,22.645,0.0,0.0887284008873919,183759
2012-03-22,38.468,23.526,0.0,0.0801113566967763,183759
2012-03-23,38.758,22.743,0.0,0.0664110378050894,183759
2012-03-24,39.148,20.861,0.0,0.0626497850412878,183759
2012-03-25,40.847,19.921,0.0,0.0776205004328489,183759
2012-03-26,40.079,19.323,0.0,0.100010630819104,183759
2012-03-27,38.337,20.67,0.0,0.135565440930706,183759
2012-03-28,40.139,21.87,0.0,0.145480661844887,183759
2012-03-29,41.407,20.425,0.0,0.138321894150807,183759
2012-03-30,39.553,23.255,0.0,0.140518014251915,183759
2012-03-31,38.485,23.195,0.0,0.184592426772129,183759
2012-04-01,40.963,21.468,0.0,0.172197998231192,183759
2012-04-02,40.358,24.839,0.0,0.210161328314238,183759
2012-04-03,40.589,24.534,0.0,0.204212656962301,183759
2012-04-04,40.542,25.323,0.0,0.177258583857843,183759
2012-04-05,39.85,26.239,0.284957964,0.211842640733067,183759
2012-04-06,42.352,24.381,0.0,0.162785768095817,183759
2012-04-07,41.415,23.585,0.0,0.133456144132725,183759
2012-04-08,39.5,22.977,0.0,0.189999147108934,183759
2012-04-09,42.211,25.801,0.0,0.152460054400375,183759
2012-04-10,40.874,26.633,0.0,0.146233080852286,183759
2012-04-11,42.337,23.816,0.0,0.163989431243743,183759
2012-04-12,41.894,25.843,0.0,0.167721719159578,183759
2012-04-13,39.305,22.984,0.0,0.209866106287788,183759
2012-04-14,42.729,25.287,0.0,0.184261064702615,183759
2012-04-15,38.819,28.043,0.0,0.205681880807959,183759
2012-04-16,43.184,26.753,0.0,0.200034803752361,183759
2012-04-17,38.323,28.578,0.0,0.225957607223723,183759
2012-04-18,40.465,26.698,0.0,0.16825496356112,183759
2012-04-19,41.243,25.985,0.0,0.188263345338933,183759
2012-04-20,38.664,25.818,0.0875472768,0.288512485801456,183759
2012-04-21,40.59,25.208,0.0411987384,0.3317195292529,183759
2012-04-22,41.166,27.818,0.0205993728,0.252262512153299,183759
2012-04-23,42.848,27.505,0.0068664528,0.191110325190822,183759
2012-04-24,41.446,24.864,0.0,0.138219315416605,183759
2012-04-25,40.683,24.684,0.0,0.164540329445962,183759
2012-04-26,41.226,26.348,0.0,0.211644718677375,183759
2012-04-27,42.07,27.958,0.0755309952,0.243713837015919,183759
2012-04-28,40.804,27.141,0.0,0.161768978165917,183759
2012-04-29,40.581,24.84,0.0,0.147136776518993,183759
2012-04-30,40.623,25.063,0.0,0.201180156708431,183759
2012-05-01,40.763,23.445,0.0,0.172186641316563,183759
2012-05-02,40.43,23.588,0.0,0.160825300091436,183759
2012-05-03,40.367,24.218,0.0,0.186384673894317,183759
2012-05-04,40.076,24.723,0.0,0.216986971102835,183759
2012-05-05,39.318,24.062,0.0,0.248558055176795,183759
2012-05-06,38.62,24.663,0.0,0.282240634551181,183759
2012-05-07,42.476,24.141,0.0,0.268228107211853,183759
2012-05-08,40.799,26.541,0.0,0.284717594211332,183759
2012-05-09,40.086,27.092,0.0,0.260135560849855,183759
2012-05-10,39.964,27.211,0.1407621924,0.272268025802918,183759
2012-05-11,39.924,26.615,0.01373292,0.297844915848955,183759
2012-05-12,37.492,26.257,0.9063719784,0.341628226172357,183759
2012-05-13,39.079,25.318,0.1613615544,0.347070273876883,183759
2012-05-14,40.14,25.243,0.0,0.255746277099966,183759
2012-05-15,40.759,26.051,0.0,0.201860018197753,183759
2012-05-16,40.889,26.675,0.0,0.186137956870297,183759
2012-05-17,40.157,25.456,0.0,0.202272702432295,183759
2012-05-18,40.969,25.736,0.0,0.211575380301374,183759
2012-05-19,41.26,26.599,0.0,0.184330952535236,183759
2012-05-20,41.647,26.884,0.0,0.186613763168313,183759
2012-05-21,41.731,26.332,0.0,0.226209821631045,183759
2012-05-22,41.699,25.173,0.0,0.224603118112979,183759
2012-05-23,40.875,25.168,0.0,0.23710337479778,183759
2012-05-24,41.626,26.111,0.0,0.239659690587192,183759
2012-05-25,41.485,26.101,0.0,0.259988182087571,183759
2012-05-26,39.717,26.481,0.0,0.254609160505563,183759
2012-05-27,40.963,27.376,0.0,0.244896361844299,183759
2012-05-28,39.514,26.222,0.64201392,0.317133649977251,183759
2012-05-29,41.293,25.738,0.16479486,0.309805278491298,183759
2012-05-30,41.515,25.981,0.0,0.274928384465639,183759
2012-05-31,41.196,26.275,0.0,0.263155081602699,183759
2012-06-01,40.209,24.549,0.0,0.276156054776093,183759
2012-06-02,40.452,25.288,0.0,0.30532876338566,183759
2012-06-03,39.239,24.867,0.0,0.338877664260212,183759
2012-06-04,39.363,25.469,0.128745936,0.383456218868307,183759
2012-06-05,38.978,26.371,0.085830696,0.382884514685421,183759
2012-06-06,30.482,22.816,41.51798838,0.725586993539872,183759
2012-06-07,34.297,22.141,0.7381448064,0.620235218727521,183759
2012-06-08,35.207,24.805,1.2325287528,0.578856518753699,183759
2012-06-09,34.821,24.655,6.8080929984,0.60708170172744,183759
2012-06-10,31.287,22.941,1.4316570864,0.646978568902477,183759
2012-06-11,32.766,21.793,3.90014928,0.621254580417221,183759
2012-06-12,35.58,23.401,0.06523128,0.578371052378319,183759
2012-06-13,36.123,24.096,0.456619032,0.567908201835054,183759
2012-06-14,36.217,24.493,0.16479504,0.562286693710735,183759
2012-06-15,33.585,24.244,1.06086672,0.603965476728994,183759
2012-06-16,32.023,23.708,10.402681644,0.62484757629998,183759
2012-06-17,29.187,23.606,8.610535008,0.729928273300035,183759
2012-06-18,24.813,22.711,35.152807932,0.855692154847668,183759
2012-06-19,29.422,22.033,2.4238596528,0.771308514977475,183759
2012-06-20,31.146,21.66,0.0,0.671884356423697,183759
2012-06-21,29.407,22.164,0.041198724,0.660059560374245,183759
2012-06-22,33.117,22.984,0.1235961936,0.577363035026594,183759
2012-06-23,33.692,23.006,0.0,0.577617916785481,183759
2012-06-24,31.072,23.248,0.4669187616,0.618555178489242,183759
2012-06-25,31.037,23.541,0.4291532064,0.601018555450928,183759
2012-06-26,34.203,23.132,0.030899052,0.557818876227363,183759
2012-06-27,33.355,23.096,0.5733490824,0.569106830353877,183759
2012-06-28,31.668,23.194,0.1819609488,0.590017871482716,183759
2012-06-29,31.48,23.892,19.2140543664,0.647377224010777,183759
2012-06-30,30.911,22.637,6.7377096,0.716606122457632,183759
2012-07-01,30.635,22.514,9.55466964,0.769804834039357,183759
2012-07-02,27.041,22.493,2.542304232,0.79228479280916,183759
2012-07-03,28.321,22.118,8.9332558704,0.821049353321759,183759
2012-07-04,26.963,22.641,5.136108588,0.825757199030751,183759
2012-07-05,28.685,22.071,0.09269712,0.760412622366057,183759
2012-07-06,27.836,22.421,0.4634857332,0.762166069883255,183759
2012-07-07,29.122,22.078,0.032615676,0.723282589956481,183759
2012-07-08,31.416,22.452,6.432150528,0.698346786498789,183759
2012-07-09,29.992,22.466,1.929474,0.710023153630376,183759
2012-07-10,31.484,22.277,1.606750776,0.664007908249507,183759
2012-07-11,32.501,22.592,0.7896424896,0.665583209182744,183759
2012-07-12,33.208,22.892,11.264415804,0.658999539092584,183759
2012-07-13,31.938,22.501,1.7955779472,0.681442909607045,183759
2012-07-14,29.827,22.732,0.628280568,0.678991243684991,183759
2012-07-15,31.496,22.842,5.5738401984,0.682826202478048,183759
2012-07-16,30.922,22.723,6.826970052,0.681514522651974,183759
2012-07-17,32.826,22.33,5.44509756,0.691297381721873,183759
2012-07-18,25.706,22.716,10.364916096,0.836096855841243,183759
2012-07-19,26.185,22.237,7.48443798,0.832452622224094,183759
2012-07-20,26.291,21.827,6.42013488,0.84541263965723,183759
2012-07-21,27.698,22.497,2.8324120608,0.810686732669303,183759
2012-07-22,26.022,22.78,1.5655518,0.823744078584954,183759
2012-07-23,30.821,22.144,0.6917954724,0.716396020186254,183759
2012-07-24,30.902,22.124,0.0858307176,0.677933132034324,183759
2012-07-25,28.205,22.733,6.866449128,0.71056333185904,183759
2012-07-26,30.201,22.466,4.516410276,0.718954596387773,183759
2012-07-27,30.64,22.314,0.9201050712,0.711673049405803,183759
2012-07-28,28.416,22.659,0.2197264464,0.704282926779836,183759
2012-07-29,31.541,22.459,2.077102908,0.665550054115597,183759
2012-07-30,27.454,22.523,0.4531861152,0.692473357159035,183759
2012-07-31,24.154,21.876,18.5016624624,0.815173307421246,183759
2012-08-01,26.184,21.078,9.64737144,0.829273048456629,183759
2012-08-02,26.725,21.24,2.6195521104,0.823165353638202,183759
2012-08-03,21.986,21.178,49.8950874,0.922555572927073,183759
2012-08-04,23.091,20.941,8.48694528,0.916424703420423,183759
2012-08-05,23.955,20.823,19.040679,0.922716426760645,183759
2012-08-06,27.253,21.285,2.5320054384,0.848662359554967,183759
2012-08-07,24.937,21.659,3.1843194912,0.880369733494046,183759
2012-08-08,25.418,21.316,0.2317428432,0.848410055971006,183759
2012-08-09,25.02,21.944,0.6969452544,0.8384757935332,183759
2012-08-10,26.646,21.953,0.327873492,0.800713188288437,183759
2012-08-11,25.403,21.824,2.015304192,0.812284567991169,183759
2012-08-12,25.824,22.021,1.8024443064,0.818994660962569,183759
2012-08-13,26.537,21.232,0.1733780304,0.775728963836727,183759
2012-08-14,26.363,21.139,0.2300262768,0.77134690089717,183759
2012-08-15,27.338,21.886,0.0789642072,0.764278495527476,183759
2012-08-16,30.6,20.916,0.022315968,0.7095822173767,183759
2012-08-17,29.897,21.457,0.5252840568,0.715234442417218,183759
2012-08-18,29.475,20.534,0.48751812,0.691921510458773,183759
2012-08-19,27.758,21.538,0.264358512,0.733439110507453,183759
2012-08-20,31.92,21.194,0.0,0.657436961270449,183759
2012-08-21,31.084,21.96,0.0,0.629874182387142,183759
2012-08-22,33.455,21.764,0.0,0.589456606776046,183759
2012-08-23,34.561,21.183,0.0446319,0.561060615028785,183759
2012-08-24,33.454,22.723,1.1226653064,0.585282659516313,183759
2012-08-25,33.916,22.472,0.1819610208,0.56100622311301,183759
2012-08-26,31.645,22.124,22.302251064,0.688696860675637,183759
2012-08-27,28.8,21.379,10.1451951,0.7832305257699,183759
2012-08-28,29.06,21.2,3.32164728,0.80057984219699,183759
2012-08-29,30.758,21.156,5.297472072,0.784003260141809,183759
2012-08-30,29.447,22.636,14.52427182,0.823232571358549,183759
2012-08-31,27.737,21.901,66.642358212,0.8819036813369,183759
2012-09-01,28.489,22.093,17.3824308,0.861118726218458,183759
2012-09-02,28.302,21.846,4.1851079352,0.85693024761185,183759
2012-09-03,23.474,22.318,29.89997784,0.940761255280827,183759
2012-09-04,25.368,21.451,7.6698314712,0.89189109005482,183759
2012-09-05,25.876,21.524,1.4728541832,0.863909098583742,183759
2012-09-06,27.548,21.757,0.9115215984,0.834963946804285,183759
2012-09-07,27.0,21.923,0.781058952,0.832623449003958,183759
2012-09-08,27.153,21.597,0.0720977976,0.823130092174816,183759
2012-09-09,28.296,21.097,2.5749211464,0.806621079653702,183759
2012-09-10,24.61,21.653,14.416118604,0.904696382216893,183759
2012-09-11,26.201,21.103,11.779402464,0.899276953071012,183759
2012-09-12,28.116,20.112,0.897788916,0.819150206854525,183759
2012-09-13,28.673,20.527,0.0308990376,0.795481821745141,183759
2012-09-14,28.915,20.669,0.0720977904,0.783645824454365,183759
2012-09-15,28.119,20.301,0.60081516,0.782776505552234,183759
2012-09-16,29.385,20.02,1.2170788704,0.750124649559354,183759
2012-09-17,30.027,19.609,0.05149836,0.723413922680741,183759
2012-09-18,29.634,20.277,0.1682281656,0.69582658064129,183759
2012-09-19,31.269,20.942,1.4110559568,0.704057394839293,183759
2012-09-20,30.422,20.436,3.2855984784,0.746435364529553,183759
2012-09-21,30.865,21.834,3.9653767584,0.764228468869908,183759
2012-09-22,31.433,21.896,6.869888892,0.742421243737591,183759
2012-09-23,30.608,20.569,4.34303136,0.745359522218929,183759
2012-09-24,30.696,20.287,0.908088948,0.711805606331504,183759
2012-09-25,29.951,19.43,0.6282805464,0.726824033526426,183759
2012-09-26,29.614,20.322,0.5905149984,0.786755372143526,183759
2012-09-27,30.209,20.258,2.6916485328,0.787198713061099,183759
2012-09-28,30.982,19.866,0.4394534544,0.73122716049934,183759
2012-09-29,32.222,20.344,0.1167296904,0.660313300732544,183759
2012-09-30,31.372,20.76,9.49630446,0.734939345488169,183759
2012-10-01,30.817,22.617,5.445096732,0.806610535773994,183759
2012-10-02,29.517,21.637,3.738785112,0.817334295368484,183759
2012-10-03,28.72,21.45,23.7716443008,0.844555679717521,183759
2012-10-04,23.193,21.18,31.15311048,0.940564666591855,183759
2012-10-05,28.368,21.461,7.5925834704,0.890293560578079,183759
2012-10-06,27.332,20.875,12.1622088852,0.87539533726624,183759
2012-10-07,27.054,20.669,8.766746604,0.877415309684276,183759
2012-10-08,29.338,19.095,0.0,0.793239116880142,183759
2012-10-09,31.552,18.696,0.140762304,0.678474955605273,183759
2012-10-10,30.642,18.863,0.0,0.649388782899278,183759
2012-10-11,30.874,18.803,0.0,0.623357027921898,183759
2012-10-12,32.101,17.29,0.0,0.537134821270239,183759
2012-10-13,30.664,17.445,0.0,0.473822060107452,183759
2012-10-14,30.424,16.38,0.0,0.489718567684753,183759
2012-10-15,31.334,16.611,0.0,0.489149628563929,183759
2012-10-16,30.92,18.865,0.0,0.473380335528073,183759
2012-10-17,31.421,16.607,0.0,0.420291818262174,183759
2012-10-18,31.09,18.19,0.0,0.473962478853312,183759
2012-10-19,31.297,18.117,0.0,0.477029747463945,183759
2012-10-20,30.199,18.209,0.0,0.548321534328375,183759
2012-10-21,27.909,21.35,10.7597376504,0.742613272556395,183759
2012-10-22,27.548,19.521,7.146262296,0.812492992650749,183759
2012-10-23,28.65,18.678,1.0145187324,0.787164941240266,183759
2012-10-24,30.564,20.71,0.0,0.679383963804608,183759
2012-10-25,32.105,19.23,0.0,0.62191198676703,183759
2012-10-26,30.63,19.392,0.0,0.605154528450142,183759
2012-10-27,30.25,20.224,0.0,0.589410926865658,183759
2012-10-28,30.734,19.014,0.0652313232,0.599980608110285,183759
2012-10-29,29.916,18.456,0.0,0.495847143592818,183759
2012-10-30,28.933,15.92,0.0017166132,0.380382112967563,183759
2012-10-31,30.616,16.853,0.0,0.405763774813281,183759
2012-11-01,28.9,20.543,0.5338665504,0.592424897622275,183759
2012-11-02,26.774,21.022,8.507540376,0.810281451904425,183759
2012-11-03,29.358,19.243,0.0720977832,0.783306580734553,183759
2012-11-04,30.339,18.515,0.0,0.680267139029724,183759
2012-11-05,31.61,16.105,0.0,0.513640416934398,183759
2012-11-06,32.089,16.847,0.0,0.503106153629194,183759
2012-11-07,32.243,19.477,0.0,0.499936682313026,183759
2012-11-08,33.01,19.09,0.0,0.535011426776182,183759
2012-11-09,32.604,20.143,0.044631936,0.591101052647186,183759
2012-11-10,29.714,19.533,0.0017166132,0.56482225546731,183759
2012-11-11,28.095,18.757,0.221443524,0.566858798833913,183759
2012-11-12,27.487,18.12,0.0,0.510801502189868,183759
2012-11-13,30.92,19.314,0.0,0.363312733369025,183759
2012-11-14,29.733,14.191,0.0,0.396064272591517,183759
2012-11-15,29.519,14.882,0.0,0.410087852251208,183759
2012-11-16,28.743,14.009,0.0017166132,0.347947282431117,183759
2012-11-17,28.072,13.724,0.0,0.402875216787133,183759
2012-11-18,28.503,11.949,0.0,0.380908723498686,183759
2012-11-19,28.765,12.764,0.0,0.368668355524324,183759
2012-11-20,30.375,14.384,0.0,0.376970462194244,183759
2012-11-21,31.527,16.141,0.0,0.45326444027989,183759
2012-11-22,31.471,17.085,0.0017166132,0.403227977385775,183759
2012-11-23,31.644,17.919,0.0,0.566949138687817,183759
2012-11-24,31.113,19.257,0.0,0.594708394514804,183759
2012-11-25,30.335,18.698,0.0,0.637461380050819,183759
2012-11-26,30.532,20.217,0.0,0.58135132071342,183759
2012-11-27,29.309,16.622,0.0,0.626995685633587,183759
2012-11-28,29.552,20.878,0.0,0.527505102868605,183759
2012-11-29,30.117,15.392,0.0,0.479924190168466,183759
2012-11-30,30.679,17.542,0.0,0.33953014071177,183759
2012-12-01,31.188,13.469,0.0,0.346510833614927,183759
2012-12-02,29.445,16.8,0.0,0.449020080935545,183759
2012-12-03,29.936,16.274,0.0034332264,0.385512598157192,183759
2012-12-04,29.885,16.296,0.0,0.346068903844376,183759
2012-12-05,30.112,17.795,0.0,0.449908558822289,183759
2012-12-06,31.06,19.048,0.0102996792,0.594756719271222,183759
2012-12-07,32.248,18.859,0.0,0.47090229081628,183759
2012-12-08,32.725,18.238,0.0,0.42714243509792,183759
2012-12-09,31.929,19.245,0.0,0.373112877096136,183759
2012-12-10,31.636,17.418,0.0,0.420133935660716,183759
2012-12-11,31.42,17.145,0.0,0.398832989371319,183759
2012-12-12,30.564,16.858,0.0,0.340915015727262,183759
2012-12-13,30.181,13.453,0.0017166132,0.325011443824103,183759
2012-12-14,30.309,13.495,0.0,0.35945621467969,183759
2012-12-15,28.831,14.862,0.0,0.469712684910154,183759
2012-12-16,29.283,15.24,0.0,0.433180810373862,183759
2012-12-17,29.49,17.793,0.0,0.454276736265165,183759
2012-12-18,29.697,15.909,0.0,0.356422871647536,183759
2012-12-19,29.262,15.417,0.0,0.311350955443933,183759
2012-12-20,29.015,14.924,0.0,0.331685376069252,183759
2012-12-21,29.4,15.296,0.0,0.4168116739034,183759
2012-12-22,30.272,15.848,0.0,0.457321652264329,183759
2012-12-23,29.699,16.439,0.0,0.345072513113359,183759
2012-12-24,29.563,15.451,0.0,0.445857002614603,183759
2012-12-25,29.132,16.159,0.0,0.412847109476264,183759
2012-12-26,28.094,14.797,0.0017166132,0.296525688769924,183759
2012-12-27,28.356,12.333,0.0,0.247101224152455,183759
2012-12-28,27.825,13.092,0.0,0.294705724793717,183759
2012-12-29,29.852,13.804,0.0,0.369667437046449,183759
2012-12-30,29.737,14.324,0.0,0.605659527743129,183759
2012-12-31,31.8,19.66,0.0,0.652611703326034,183759
2013-01-01,31.356,18.755,0.0,0.538009985886196,183759
2013-01-02,31.996,18.963,0.0,0.566888148101101,183759
2013-01-03,32.05,18.814,0.0,0.430945299937489,183759
2013-01-04,31.626,15.463,0.0,0.399756111918743,183759
2013-01-05,31.554,16.08,0.0,0.23462303445596,183759
2013-01-06,30.587,14.856,0.0,0.222358652281367,183759
2013-01-07,30.854,14.925,0.0,0.247845695725088,183759
2013-01-08,29.557,15.471,0.0,0.426628654988832,183759
2013-01-09,29.783,16.579,0.0,0.478320468165567,183759
2013-01-10,29.524,16.445,0.0,0.405085619045154,183759
2013-01-11,29.667,16.613,0.0,0.332337220564418,183759
2013-01-12,30.3,14.806,0.0,0.258573429465869,183759
2013-01-13,31.599,14.337,0.0,0.244371396398067,183759
2013-01-14,31.508,14.82,0.0,0.229433971832527,183759
2013-01-15,31.535,13.898,0.0,0.253780911693688,183759
2013-01-16,30.761,14.531,0.0,0.28903775636222,183759
2013-01-17,30.113,15.504,0.0,0.340847519128111,183759
2013-01-18,29.235,16.004,0.0,0.382704603205532,183759
2013-01-19,29.962,14.882,0.0,0.397744039137335,183759
2013-01-20,29.224,15.026,0.0,0.350525386092767,183759
2013-01-21,29.08,15.247,0.0,0.377138141313065,183759
2013-01-22,29.529,16.204,0.0017166132,0.387960426472555,183759
2013-01-23,29.59,15.25,0.0,0.398454522053827,183759
2013-01-24,30.253,16.565,0.0,0.369737258816344,183759
2013-01-25,29.871,18.256,0.0017166132,0.328596740735714,183759
2013-01-26,29.896,16.819,0.0,0.327945375140734,183759
2013-01-27,29.468,17.128,0.0,0.34991297513381,183759
2013-01-28,30.073,16.75,0.0,0.359213346980272,183759
2013-01-29,30.034,16.567,0.0,0.36741366919824,183759
2013-01-30,30.693,16.883,0.0,0.434537541059169,183759
2013-01-31,30.298,16.831,0.0,0.405614233095595,183759
2013-02-01,31.112,21.194,0.0,0.381607495611435,183759
2013-02-02,30.935,20.104,0.0,0.347778050357098,183759
2013-02-03,31.114,17.994,0.0,0.356901161832271,183759
2013-02-04,32.16,17.728,0.0,0.29478724654836,183759
2013-02-05,31.224,16.22,0.0,0.336875358875714,183759
2013-02-06,31.049,18.495,0.0,0.402146044113366,183759
2013-02-07,32.228,18.809,0.0,0.420157617008449,183759
2013-02-08,32.612,18.469,0.0,0.439072301170129,183759
2013-02-09,32.857,18.669,0.0,0.342780989520132,183759
2013-02-10,32.279,19.062,0.0,0.369235879344258,183759
2013-02-11,32.311,19.02,0.0,0.365643195558824,183759
2013-02-12,33.135,19.659,0.0,0.343734490235811,183759
2013-02-13,32.994,19.706,0.0,0.329494199880577,183759
2013-02-14,33.969,18.874,0.0,0.248925595017665,183759
2013-02-15,32.409,21.377,0.0,0.307204934148861,183759
2013-02-16,31.225,19.732,0.0034332264,0.420540503563807,183759
2013-02-17,29.37,15.562,0.0,0.290133564592472,183759
2013-02-18,31.585,14.999,0.0,0.181422774734945,183759
2013-02-19,32.386,15.95,0.0,0.209620227046076,183759
2013-02-20,32.994,15.931,0.0,0.252494815373462,183759
2013-02-21,33.924,18.81,0.0,0.318175409914204,183759
2013-02-22,34.521,19.895,0.0,0.332792404629588,183759
2013-02-23,34.662,20.789,0.0,0.31089330114753,183759
2013-02-24,35.322,19.459,0.0034332264,0.216555021773628,183759
2013-02-25,34.534,19.072,0.0,0.220371297118908,183759
2013-02-26,34.661,19.873,0.0,0.183344994052911,183759
2013-02-27,35.07,18.837,0.0,0.174243640452566,183759
2013-02-28,34.843,20.811,0.0,0.199979007063068,183759
2013-03-01,34.755,20.591,0.0,0.194757518672891,183759
2013-03-02,35.03,19.814,0.0,0.153119762845948,183759
2013-03-03,35.381,18.701,0.0,0.0893992413062358,183759
2013-03-04,34.96,18.099,0.0,0.0964138136893894,183759
2013-03-05,35.428,19.281,0.0,0.152585068890441,183759
2013-03-06,35.437,19.43,0.0,0.197669701933877,183759
2013-03-07,36.063,21.576,0.0,0.255321689076392,183759
2013-03-08,36.163,21.459,0.0,0.316416519781463,183759
2013-03-09,38.431,22.398,0.0,0.225863314410571,183759
2013-03-10,38.934,22.753,0.0,0.195960766761603,183759
2013-03-11,38.563,24.495,0.0,0.161111542671298,183759
2013-03-12,37.348,23.948,0.0017166132,0.178304489749311,183759
2013-03-13,37.081,22.308,0.0017166132,0.187073191368398,183759
2013-03-14,36.541,22.242,0.0,0.211283434975656,183759
2013-03-15,36.824,23.144,0.0,0.194164877864499,183759
2013-03-16,36.622,26.603,0.0034332264,0.209472413320469,183759
2013-03-17,36.497,23.215,0.0,0.17773994518475,183759
2013-03-18,37.201,22.839,0.0,0.190603853667011,183759
2013-03-19,36.955,20.979,0.0,0.235434346406243,183759
2013-03-20,37.084,19.555,0.0,0.146377588123957,183759
2013-03-21,37.497,20.645,0.0,0.147878742469827,183759
2013-03-22,39.582,21.76,0.0,0.144961066744799,183759
2013-03-23,37.726,23.127,0.0017166132,0.160851981633835,183759
2013-03-24,37.44,22.48,0.0,0.214458775839764,183759
2013-03-25,39.198,24.699,0.0,0.189330136581884,183759
2013-03-26,38.37,24.325,0.0,0.192770889622452,183759
2013-03-27,39.671,24.807,0.0,0.220699667150314,183759
2013-03-28,39.801,23.089,0.0,0.224273474980362,183759
2013-03-29,37.791,24.728,0.0,0.276198408375097,183759
2013-03-30,40.313,23.191,0.0,0.167938488216534,183759
2013-03-31,41.638,22.984,0.0,0.15212790023548,183759
2013-04-01,39.516,24.138,0.0,0.161169043096792,183759
2013-04-02,38.425,22.842,0.0,0.222406300536425,183759
2013-04-03,38.396,22.096,0.0,0.252886376215227,183759
2013-04-04,38.086,22.472,0.0,0.178700935511532,183759
2013-04-05,39.768,21.273,0.0,0.127438793038307,183759
2013-04-06,40.899,21.759,0.0,0.139113600403074,183759
2013-04-07,41.68,22.804,0.0,0.159801812751497,183759
2013-04-08,41.299,23.535,0.0,0.146257046442883,183759
2013-04-09,39.896,24.667,0.0,0.171097217315059,183759
2013-04-10,40.198,26.889,0.0,0.240256261043835,183759
2013-04-11,40.044,26.458,0.0,0.213986370478067,183759
2013-04-12,43.038,25.922,0.0,0.183065155944447,183759
2013-04-13,40.708,25.999,0.0,0.196294418950008,183759
2013-04-14,42.685,25.102,0.0,0.188862499318985,183759
2013-04-15,40.09,25.206,0.0,0.141990982603197,183759
2013-04-16,39.622,22.762,0.0,0.125843606306321,183759
2013-04-17,38.628,21.395,0.0,0.217630132126429,183759
2013-04-18,38.53,21.41,0.0,0.271383896189294,183759
2013-04-19,37.222,20.853,0.0,0.262381862247747,183759
2013-04-20,37.396,22.138,0.0,0.303017647243619,183759
2013-04-21,37.924,23.48,0.0,0.277481366150726,183759
2013-04-22,38.335,23.022,0.0,0.215918118691366,183759
2013-04-23,41.236,22.865,0.0,0.213048484141141,183759
2013-04-24,42.302,26.303,0.0,0.254183119312737,183759
2013-04-25,38.361,27.981,0.336456576,0.317328270028066,183759
2013-04-26,40.502,26.264,0.87890688,0.321201828776528,183759
2013-04-27,40.461,28.144,1.07116704,0.280848981056373,183759
2013-04-28,42.914,26.699,0.0,0.173506218903212,183759
2013-04-29,42.196,25.656,0.0,0.183973725281832,183759
2013-04-30,42.125,27.067,0.0,0.173404382933082,183759
2013-05-01,42.219,29.014,0.47721888,0.219944991421147,183759
2013-05-02,44.057,30.814,0.0,0.197337500161372,183759
2013-05-03,41.594,28.422,0.0,0.153626429596402,183759
2013-05-04,40.746,25.254,0.0,0.230095682971284,183759
2013-05-05,45.004,27.117,0.0,0.252906127515512,183759
2013-05-06,41.898,27.187,0.0,0.216743574703461,183759
2013-05-07,42.094,26.281,0.0,0.23122353679397,183759
2013-05-08,41.521,27.374,0.0,0.249773389895183,183759
2013-05-09,42.329,27.575,0.0,0.170126708938725,183759
2013-05-10,41.467,27.299,0.0,0.202334340677716,183759
2013-05-11,41.466,27.918,0.0,0.226512039555514,183759
2013-05-12,39.883,26.483,0.0,0.235690102793115,183759
2013-05-13,40.25,25.144,0.0,0.242998518647443,183759
2013-05-14,40.799,26.423,0.0,0.263669635980821,183759
2013-05-15,35.65,27.726,0.226592748,0.345064603721218,183759
2013-05-16,36.507,26.002,0.102996828,0.359252423736189,183759
2013-05-17,37.929,27.504,0.0,0.342127933750659,183759
2013-05-18,42.549,25.923,0.0,0.22503164312841,183759
2013-05-19,43.056,27.323,16.132734,0.338849237004345,183759
2013-05-20,38.509,26.252,2.3036952528,0.387717761612066,183759
2013-05-21,40.223,27.625,0.1991269944,0.314706631992787,183759
2013-05-22,41.93,26.765,0.0,0.284155411126623,183759
2013-05-23,39.631,26.889,4.075240464,0.312238980961416,183759
2013-05-24,41.038,25.229,0.0257492052,0.330786676906814,183759
2013-05-25,40.105,25.298,0.0,0.328912038374592,183759
2013-05-26,40.278,25.446,0.0,0.342748173087821,183759
2013-05-27,40.685,26.753,0.0,0.363801749887079,183759
2013-05-28,38.32,25.879,1.4385242664,0.436860670465206,183759
2013-05-29,38.26,25.522,1.1054986056,0.447852480787871,183759
2013-05-30,37.567,25.344,1.47285612,0.433233221100078,183759
2013-05-31,40.105,24.748,0.0,0.376366331510816,183759
2013-06-01,36.363,25.7,0.0205993728,0.475618116699578,183759
2013-06-02,31.02,24.723,0.102996828,0.610814821882169,183759
2013-06-03,36.831,22.953,0.17681112,0.520894632620284,183759
2013-06-04,36.632,24.864,2.1285972648,0.533547099827491,183759
2013-06-05,40.349,25.157,7.5513865464,0.545859979350677,183759
2013-06-06,35.103,24.271,7.166863224,0.623687822931431,183759
2013-06-07,34.712,23.635,24.5372778252,0.719053168459685,183759
2013-06-08,33.227,24.487,5.8665268512,0.713999450749081,183759
2013-06-09,27.427,23.349,10.950278832,0.81860763052443,183759
2013-06-10,28.698,22.654,1.724338008,0.802782550420772,183759
2013-06-11,28.57,22.566,4.9584436704,0.763572974055146,183759
2013-06-12,28.637,22.012,19.29388248,0.837159163157491,183759
2013-06-13,25.915,21.504,8.8388426916,0.863814343205251,183759
2013-06-14,25.65,21.992,9.326364084,0.868425711148086,183759
2013-06-15,24.921,21.326,14.16807324,0.895532020298199,183759
2013-06-16,27.276,22.019,6.42185442,0.854235634391236,183759
2013-06-17,28.158,22.03,0.7947921492,0.80122878997669,183759
2013-06-18,30.842,22.177,8.83884456,0.750335877036135,183759
2013-06-19,30.571,22.048,14.4590390892,0.760374154526968,183759
2013-06-20,30.402,21.729,6.9797481732,0.778501286508104,183759
2013-06-21,29.654,22.386,7.640646786,0.775693317180797,183759
2013-06-22,29.71,21.794,9.3735740808,0.765741919528243,183759
2013-06-23,27.563,21.977,0.762175926,0.771545480626203,183759
2013-06-24,27.894,21.734,7.764248016,0.800824275258209,183759
2013-06-25,23.04,21.661,40.06573452,0.915648838825735,183759
2013-06-26,26.658,21.069,1.3449673512,0.856870404737404,183759
2013-06-27,29.386,21.965,0.018882738,0.786161507698763,183759
2013-06-28,28.529,21.847,0.1253127924,0.772254921671702,183759
2013-06-29,27.734,22.247,3.2941801044,0.764734706868824,183759
2013-06-30,28.18,22.253,1.3235095224,0.765062463167659,183759
2013-07-01,27.147,22.386,2.2058498376,0.762602358218219,183759
2013-07-02,29.734,22.075,12.8849017248,0.784898810380718,183759
2013-07-03,24.568,21.592,19.3342281048,0.891465409542916,183759
2013-07-04,21.736,20.63,20.724672744,0.931360684767845,183759
2013-07-05,27.951,20.325,0.40855374,0.819907210231621,183759
2013-07-06,28.49,21.833,2.0530693944,0.80096868498985,183759
2013-07-07,28.502,21.482,6.675909732,0.802445663143782,183759
2013-07-08,28.43,21.885,31.81914936,0.872289723976277,183759
2013-07-09,26.883,21.592,5.8879852848,0.847372415150323,183759
2013-07-10,25.567,21.124,6.19354548,0.857883648525399,183759
2013-07-11,25.166,21.056,8.4251356992,0.876537067523888,183759
2013-07-12,26.241,21.309,2.8478588904,0.851935454188554,183759
2013-07-13,28.862,20.216,3.49846146,0.779624500683957,183759
2013-07-14,27.906,21.582,2.6796322584,0.791169354662047,183759
2013-07-15,27.573,21.404,1.9603717704,0.796736797278715,183759
2013-07-16,22.846,21.32,17.68455756,0.895987267344225,183759
2013-07-17,22.785,21.256,18.31627008,0.930928811301717,183759
2013-07-18,25.453,21.383,2.5285724856,0.87380959891175,183759
2013-07-19,25.338,21.421,4.4717784048,0.868350557123622,183759
2013-07-20,26.089,21.22,4.50439488,0.87088922415433,183759
2013-07-21,26.608,21.458,2.6435885904,0.85483851279951,183759
2013-07-22,25.604,21.826,2.853010548,0.855617045237662,183759
2013-07-23,25.289,21.836,5.918886144,0.870125348790457,183759
2013-07-24,23.197,21.2,13.278006,0.926135716852472,183759
2013-07-25,26.144,21.699,3.2169323088,0.85116571998216,183759
2013-07-26,24.404,21.971,9.05684904,0.881764582121653,183759
2013-07-27,26.259,21.41,6.627854232,0.871011598536978,183759
2013-07-28,27.011,22.132,3.117371004,0.847393790687125,183759
2013-07-29,25.776,21.997,0.3158569224,0.850813560451485,183759
2013-07-30,25.7,21.247,2.8942094448,0.844662666531827,183759
2013-07-31,22.584,21.168,49.649598,0.927519258962784,183759
2013-08-01,23.219,20.841,17.22450852,0.930127859189793,183759
2013-08-02,24.063,20.742,1.8281934504,0.888075342054072,183759
2013-08-03,27.305,20.168,0.1853943336,0.846555026106942,183759
2013-08-04,27.245,20.888,0.6111145656,0.838858095147835,183759
2013-08-05,27.645,21.099,0.8377075944,0.778846638213367,183759
2013-08-06,26.983,21.384,5.094910476,0.831134167888365,183759
2013-08-07,26.857,20.731,0.3742213392,0.830248307735261,183759
2013-08-08,28.188,21.336,2.8839099384,0.81425419204618,183759
2013-08-09,28.777,21.221,7.062147252,0.818449832288505,183759
2013-08-10,29.04,21.129,5.977249272,0.811747985551074,183759
2013-08-11,28.385,21.781,9.8602342704,0.828145471148056,183759
2013-08-12,27.575,21.436,2.9422745064,0.849164124125225,183759
2013-08-13,26.124,21.437,14.9860368,0.893771589070822,183759
2013-08-14,26.655,21.15,6.251905368,0.854366987630222,183759
2013-08-15,28.245,20.813,1.6033163112,0.831229832005421,183759
2013-08-16,28.696,20.823,5.1086373048,0.819115874319215,183759
2013-08-17,28.761,21.012,9.6199087032,0.844664468430046,183759
2013-08-18,27.45,21.692,13.67453808,0.872540888685965,183759
2013-08-19,28.239,21.152,0.9166716792,0.802623020603418,183759
2013-08-20,29.146,20.293,0.0909804492,0.76546458285832,183759
2013-08-21,23.001,21.241,3.2512680864,0.849650859050804,183759
2013-08-22,21.728,20.247,25.052260932,0.920911008679822,183759
2013-08-23,22.109,20.082,5.7712522968,0.92095606502766,183759
2013-08-24,22.891,19.294,9.231954156,0.930631962286379,183759
2013-08-25,25.689,20.389,2.5972366824,0.88781227452951,183759
2013-08-26,21.856,20.53,8.22258036,0.931012609875639,183759
2013-08-27,24.5,20.502,4.98504708,0.912891843100249,183759
2013-08-28,26.402,20.353,3.1276703376,0.876646316854535,183759
2013-08-29,28.069,20.481,4.8442857264,0.839605638766909,183759
2013-08-30,29.236,20.878,3.8623788,0.822981521168247,183759
2013-08-31,30.638,20.49,5.669976384,0.786178903404321,183759
2013-09-01,31.738,20.87,1.8281929896,0.770871791211245,183759
2013-09-02,31.64,21.52,3.328516584,0.764958232814512,183759
2013-09-03,28.539,21.591,0.56304918,0.739617692290541,183759
2013-09-04,29.668,20.227,0.037765512,0.71315443904098,183759
2013-09-05,29.646,19.518,0.154495224,0.723876276352557,183759
2013-09-06,30.179,20.253,0.611115084,0.716024852523813,183759
2013-09-07,30.764,20.551,1.325225412,0.70750458162049,183759
2013-09-08,29.607,21.378,9.3830140728,0.785316991598078,183759
2013-09-09,28.617,22.143,18.67675788,0.867741970612355,183759
2013-09-10,28.742,22.041,19.51617798,0.850986938091391,183759
2013-09-11,28.885,21.269,10.553741964,0.841711353321897,183759
2013-09-12,28.518,21.453,13.8118748904,0.872071481724847,183759
2013-09-13,29.142,21.697,12.75787548,0.854707116155295,183759
2013-09-14,30.27,22.462,14.11056468,0.840690290631373,183759
2013-09-15,28.404,22.413,37.6659549792,0.905386510205287,183759
2013-09-16,25.894,21.775,68.7675816,0.933831148386828,183759
2013-09-17,26.863,21.701,58.61549124,0.918865461818294,183759
2013-09-18,27.296,21.613,25.278826716,0.91876616794203,183759
2013-09-19,26.623,22.304,27.4074408,0.930115657493119,183759
2013-09-20,29.461,22.091,2.6058184056,0.872124067523877,183759
2013-09-21,23.896,21.136,3.91387842,0.90019650828785,183759
2013-09-22,25.677,20.134,1.1604308904,0.889164657338829,183759
2013-09-23,26.355,20.221,0.3673555056,0.848321234151561,183759
2013-09-24,27.331,19.821,2.798083872,0.863908821989709,183759
2013-09-25,25.72,19.986,1.198196676,0.89028581004588,183759
2013-09-26,27.699,19.82,2.653888752,0.875714094268154,183759
2013-09-27,27.868,20.568,0.2918243592,0.869583959513865,183759
2013-09-28,27.778,21.791,5.184173124,0.848010106968887,183759
2013-09-29,27.888,19.721,5.25283398,0.863894535195271,183759
2013-09-30,27.749,19.766,6.5093994,0.857552178343678,183759
2013-10-01,27.836,20.23,5.8759663464,0.860113756651116,183759
2013-10-02,27.866,21.485,8.534999952,0.866355422378236,183759
2013-10-03,28.123,20.776,4.7035220184,0.861057091117215,183759
2013-10-04,27.311,21.173,5.410770984,0.868287409258506,183759
2013-10-05,24.193,20.371,1.0574342856,0.913368569463325,183759
2013-10-06,25.384,21.542,18.997757316,0.927565072240564,183759
2013-10-07,28.625,19.875,0.844574112,0.858905542636977,183759
2013-10-08,28.889,20.534,3.1311035064,0.857312100895894,183759
2013-10-09,28.213,20.675,2.918242908,0.840986520202993,183759
2013-10-10,27.738,19.207,1.17759672,0.829346220752405,183759
2013-10-11,27.067,19.703,7.46727174,0.857024379952437,183759
2013-10-12,26.115,21.174,3.80401524,0.892465804357578,183759
2013-10-13,27.297,20.099,5.0090788656,0.869686549635761,183759
2013-10-14,29.061,20.209,0.76217616,0.823606402161488,183759
2013-10-15,29.519,20.277,4.8099523248,0.829273761409512,183759
2013-10-16,28.242,21.169,9.07917408,0.874368381565641,183759
2013-10-17,28.497,20.711,0.3810882888,0.817964752028743,183759
2013-10-18,29.562,18.827,0.0,0.667733889766148,183759
2013-10-19,30.108,18.726,0.0,0.67985404146551,183759
2013-10-20,29.437,19.325,0.0,0.672072343357303,183759
2013-10-21,29.537,18.753,0.0,0.645507180638956,183759
2013-10-22,25.205,18.904,0.7003782648,0.743347424648234,183759
2013-10-23,26.846,18.998,0.243758952,0.802571606677441,183759
2013-10-24,25.306,20.954,11.99913516,0.889519260638856,183759
2013-10-25,26.997,20.672,7.3848712104,0.869440403089832,183759
2013-10-26,27.102,20.932,5.1258085128,0.880708149884817,183759
2013-10-27,28.419,20.921,1.163864916,0.840923753398332,183759
2013-10-28,29.265,19.607,0.190544094,0.827268817901831,183759
2013-10-29,28.876,19.109,0.0,0.769380225573441,183759
2013-10-30,29.282,19.418,0.0,0.650517582256637,183759
2013-10-31,28.282,16.608,0.0,0.630438735147851,183759
2013-11-01,28.042,16.819,0.0,0.689613140405951,183759
2013-11-02,27.606,20.837,0.0068664528,0.698698180610236,183759
2013-11-03,28.492,18.815,0.0497818332,0.742092342153761,183759
2013-11-04,27.012,19.863,1.026535068,0.7880974222431,183759
2013-11-05,27.583,17.328,0.0,0.668839517170816,183759
2013-11-06,26.215,17.355,0.0051498396,0.75389426296556,183759
2013-11-07,27.469,16.867,0.0,0.717232070715976,183759
2013-11-08,29.378,17.246,0.0,0.641292146512329,183759
2013-11-09,28.589,18.196,0.0,0.543343778353643,183759
2013-11-10,28.216,16.421,0.0,0.513478717809569,183759
2013-11-11,27.631,15.087,8.583084E-4,0.497032150879492,183759
2013-11-12,27.584,13.549,0.0,0.526636740055489,183759
2013-11-13,27.696,15.167,0.0,0.520158399520988,183759
2013-11-14,27.781,15.252,0.0,0.508675148770398,183759
2013-11-15,27.59,13.953,0.0,0.479324783112365,183759
2013-11-16,27.25,13.717,0.0,0.467409459240722,183759
2013-11-17,28.448,15.898,0.0120162996,0.459744070128135,183759
2013-11-18,29.715,18.432,0.0034332264,0.569825515615933,183759
2013-11-19,30.414,17.813,0.0,0.474083865438616,183759
2013-11-20,30.118,15.38,0.0,0.416639714281127,183759
2013-11-21,29.587,13.668,0.0,0.420426612822027,183759
2013-11-22,29.191,14.963,0.0,0.423876204708419,183759
2013-11-23,30.217,17.637,0.0,0.653044806193823,183759
2013-11-24,27.879,19.572,0.5252839956,0.784818924046617,183759
2013-11-25,29.622,20.192,0.430011756,0.738771934127438,183759
2013-11-26,30.343,18.899,0.0,0.650984975965294,183759
2013-11-27,30.262,18.244,0.0,0.468585892289262,183759
2013-11-28,26.81,16.162,0.0,0.427089362138489,183759
2013-11-29,26.994,17.968,0.0102996792,0.579628388402612,183759
2013-11-30,27.725,17.729,0.0017166132,0.722606124824846,183759
2013-12-01,30.122,18.773,0.118446372,0.5877522753448,183759
2013-12-02,29.816,20.594,0.0017166132,0.489965400854221,183759
2013-12-03,29.136,21.239,0.0,0.568459074717866,183759
2013-12-04,30.182,18.625,0.0,0.541693825586323,183759
2013-12-05,29.321,17.389,0.0,0.445928309537395,183759
2013-12-06,28.207,15.108,0.0,0.452646933076956,183759
2013-12-07,27.303,13.192,0.0,0.356440009832508,183759
2013-12-08,28.449,12.59,0.0017166132,0.324129308377191,183759
2013-12-09,28.309,12.113,0.0,0.3464366485542,183759
2013-12-10,28.055,12.748,0.0,0.351976375177704,183759
2013-12-11,27.971,12.396,0.0,0.391828393723682,183759
2013-12-12,27.746,13.453,0.0,0.380701825962407,183759
2013-12-13,27.476,12.91,0.0,0.349755210531137,183759
2013-12-14,28.429,12.479,0.0034332264,0.332653721081809,183759
2013-12-15,29.352,10.668,0.0017166132,0.322249585051397,183759
2013-12-16,28.447,12.225,0.0,0.308403976211897,183759
2013-12-17,27.788,12.377,0.0,0.343431608950897,183759
2013-12-18,26.588,12.072,0.0017166132,0.361110638358942,183759
2013-12-19,27.685,9.54599999999999,0.0,0.412950894221276,183759
2013-12-20,27.996,10.26,0.0,0.357067577571888,183759
2013-12-21,27.776,12.277,0.0,0.413971195208506,183759
2013-12-22,27.724,13.248,0.0,0.517051552952622,183759
2013-12-23,27.194,14.081,0.0,0.558061590370072,183759
2013-12-24,27.295,14.103,0.0,0.560780759606483,183759
2013-12-25,27.387,14.873,0.0,0.498230768965513,183759
2013-12-26,27.249,14.012,0.0,0.478182808625706,183759
2013-12-27,27.052,13.616,0.0017166132,0.448011338810932,183759
2013-12-28,27.479,13.843,0.0,0.538344478913081,183759
2013-12-29,27.617,14.214,0.0,0.497624649037205,183759
2013-12-30,27.342,14.834,0.0,0.50009584186977,183759
2013-12-31,27.152,13.905,0.0,0.526763220860202,183759
